address,lat,lng,status,error
京都市上京区智恵光院通一条下る新白水丸町462-17,35.0260641,135.7469717,OK,
岡崎最勝寺町13番地,35.0143505,135.7808027,OK,
小山北上総町49番地の2,35.0445302,135.7583399,OK,
椥辻西浦町1番地の8,34.9763537,135.814013,OK,
太秦安井西裏町11番地の6,35.0167847,135.7173865,OK,
上桂森下町31番地の1,34.9849461,135.6941623,OK,
京町南七丁目35番地の1,34.938073,135.7645014,OK,
醍醐高畑町30番地の1,34.9511106,135.8107724,OK,
醍醐高畑町30番地の1,34.9511106,135.8107724,OK,
醍醐高畑町30番地の1,34.9511106,135.8107724,OK,
醍醐高畑町30番地の1,34.9511106,135.8107724,OK,
醍醐高畑町30番地の1,34.9511106,135.8107724,OK,
醍醐高畑町30番地の1,34.9511106,135.8107724,OK,
醍醐高畑町30番地の1,34.9511106,135.8107724,OK,
醍醐高畑町30番地の1,34.9511106,135.8107724,OK,
醍醐高畑町30番地の1,34.9511106,135.8107724,OK,
久世築山町328番地,34.9578541,135.724731,OK,
久世築山町328番地,34.9578541,135.724731,OK,
久世築山町328番地,34.9578541,135.724731,OK,
久世築山町328番地,34.9578541,135.724731,OK,
久世築山町328番地,34.9578541,135.724731,OK,
久世築山町328番地,34.9578541,135.724731,OK,
下鴨半木町1番地の26,35.0499587,135.7667078,OK,
円山町 円山公園内,35.0035587,135.7805269,OK,
円山町 円山公園内,35.0035587,135.7805269,OK,
室町通蛸薬師下る山伏山町546番2,35.0053026,135.7585356,OK,
室町通蛸薬師下る山伏山町山553,35.0055868,135.75817,OK,
京北矢代中町馬場谷道ノ上29-1ほか,35.181535,135.6003246,OK,
粟田口鳥居町2番地の1,35.0106866,135.7875028,OK,
粟田口鳥居町2番地の1,35.0106866,135.7875028,OK,
西洞院通塩小路下る東塩小路町939番地,34.9863884,135.7557349,OK,
西木屋町通上ノ口上る梅湊町83番地の1,34.9931917,135.7651265,OK,
西木屋町通上ノ口上る梅湊町83番地の1,34.9931917,135.7651265,OK,
西木屋町通上ノ口上る梅湊町83番地の1,34.9931917,135.7651265,OK,
西木屋町通上ノ口上る梅湊町83番地の1,34.9931917,135.7651265,OK,
西木屋町通上ノ口上る梅湊町83番地の1,34.9931917,135.7651265,OK,
西木屋町通上ノ口上る梅湊町83番地の1,34.9931917,135.7651265,OK,
紫野北花ノ坊町18番地,35.0417781,135.7373524,OK,
紫野北花ノ坊町18番地,35.0417781,135.7373524,OK,
紫野北花ノ坊町18番地,35.0417781,135.7373524,OK,
岡崎最勝寺町2番地,35.013766,135.7791351,OK,
岡崎最勝寺町1番地の2,35.0144291,135.7790929,OK,
鹿ケ谷高岸町3番地の2,35.0157719,135.7930535,OK,
鹿ケ谷高岸町3番地の2,35.0157719,135.7930535,OK,
鹿ケ谷高岸町3番地の2,35.0157719,135.7930535,OK,
田中玄京町149番地,35.0324119,135.776352,OK,
田中玄京町149番地,35.0324119,135.776352,OK,
田中玄京町149番地,35.0324119,135.776352,OK,
田中馬場町20番地,35.0325106,135.7759894,OK,
西ノ京新建町12番地の34,35.0095262,135.7328601,OK,
三条通大橋東入2丁目下る巽町442番地の9,35.0079063,135.7769115,OK,
三条通大橋東入2丁目下る巽町442番地の9,35.0079063,135.7769115,OK,
三条通大橋東入2丁目下る巽町442番地の9,35.0079063,135.7769115,OK,
三条通大橋東入2丁目下る巽町442番地の9,35.0079063,135.7769115,OK,
三条通大橋東入2丁目下る巽町442番地の9,35.0079063,135.7769115,OK,
西之町１１１,34.9847647,135.7645014,OK,
上之町38番地,34.986976,135.7650938,OK,
上之町38番地,34.986976,135.7650938,OK,
上之町38番地,34.986976,135.7650938,OK,
上之町38番地,34.986976,135.7650938,OK,
吉祥院砂ノ町45番地,34.9689559,135.7319275,OK,
吉祥院砂ノ町45番地,34.9689559,135.7319275,OK,
吉祥院砂ノ町45番地,34.9689559,135.7319275,OK,
上鳥羽南唐戸町62番地の2,34.97203289999999,135.7421451,OK,
上鳥羽山ノ本町332番地,34.9613601,135.7375359,OK,
久世大築町61番地,34.96042,135.7220146,OK,
久世大築町54番地の1,34.9605316,135.7215678,OK,
醍醐外山街道町21番地の21,34.9399652,135.8135663,OK,
醍醐外山街道町24番地の4,34.9399704,135.8136741,OK,
深草加賀屋敷町6番地の2,34.9495124,135.7580589,OK,
深草加賀屋敷町6番地の2,34.9495124,135.7580589,OK,
深草加賀屋敷町6番地の2,34.9495124,135.7580589,OK,
竹田醍醐田町41番地,34.9485241,135.755347,OK,
深草加賀屋敷町24番地の26,34.9481293,135.7569818,OK,
東洞院通六角下る御射山町262番地,35.0068552,135.7614265,OK,
東洞院通六角下る御射山町262番地,35.0068552,135.7614265,OK,
東洞院通六角下る御射山町262番地,35.0068552,135.7614265,OK,
紫野西御所田町56,35.0409552,135.7534923,OK,
紫野西御所田町56,35.0409552,135.7534923,OK,
紫野西御所田町56,35.0409552,135.7534923,OK,
竹鼻四丁野町42番地,34.9859604,135.8153163,OK,
西九条南田町72番地,34.9762911,135.7479786,OK,
西九条南田町72番地,34.9762911,135.7479786,OK,
深草池ノ内町13,34.9559941,135.7661712,OK,
紫野大徳寺町44番地の1,35.045316,135.7440469,OK,
広河原杓子屋町98番地,35.2503349,135.7657037,OK,
樫原塚ノ本町1番地,34.9720928,135.6920179,OK,
西七条南衣田町42番地の3,34.9888566,135.7315927,OK,
久世上久世町262番地,34.9647956,135.7148384,OK,
唐橋経田町39番地,34.9765471,135.7422062,OK,
京北下中町東石原,35.1968356,135.6389556,OK,
京北宮町宮野80-1,35.204152,135.7199446,OK,
京北細野町東ノ垣内10-2,35.1237705,135.642055,OK,
京北周山町上ノ段16-2ほか,35.1493288,135.6323086,OK,
京北周山町明ケ市,35.1481002,135.6343026,OK,
京北中地町蛸谷口90,35.1387117,135.5930361,OK,
京北比賀江町院谷ほか,35.1817553,135.6630406,OK,
周山町下台5-1,35.1569349,135.6319393,OK,
太秦京ノ道町13番地の10,35.0206978,135.7030112,OK,
松尾鈴川町65番地,34.9926146,135.6962606,OK,
松尾鈴川町65番地,34.9926146,135.6962606,OK,
桂南巽町88番地,34.9805259,135.7011073,OK,
御陵大枝山町三丁目13番地1,34.9871944,135.6680106,OK,
御陵峰ケ堂町二丁目1-346,34.9854828,135.6761816,OK,
大枝北沓掛町七丁目9番13,34.9801779,135.6667046,OK,
大原野灰方町445番地の2,34.9532406,135.6674286,OK,
大原野灰方町445番地の2,34.9532406,135.6674286,OK,
大原野灰方町445番地の2,34.9532406,135.6674286,OK,
羽束師志水町73番地の3,34.9299917,135.727216,OK,
久我御旅町3番地の3,34.9421222,135.7327809,OK,
下板橋町610番地,34.9387967,135.761575,OK,
大和町568番4,34.9427667,135.7606692,OK,
淀水垂町,34.9125157,135.71539,OK,
久世大築町40番地,34.9614289,135.721346,OK,
醍醐外山街道町27番地の2,34.9394979,135.8136176,OK,
二条通堀川西入二条城町541番地,35.0151103,135.7477878,OK,
二条通堀川西入二条城町541番地,35.0151103,135.7477878,OK,
二条通堀川西入二条城町541番地,35.0151103,135.7477878,OK,
二条通堀川西入二条城町541番地,35.0151103,135.7477878,OK,
二条通堀川西入二条城町541番地,35.0151103,135.7477878,OK,
二条通堀川西入二条城町541番地,35.0151103,135.7477878,OK,
二条通堀川西入二条城町541番地,35.0151103,135.7477878,OK,
二条通堀川西入二条城町541番地,35.0151103,135.7477878,OK,
二条通堀川西入二条城町541番地,35.0151103,135.7477878,OK,
二条通堀川西入二条城町541番地,35.0151103,135.7477878,OK,
二条通堀川西入二条城町541番地,35.0151103,135.7477878,OK,
二条通堀川西入二条城町541番地,35.0151103,135.7477878,OK,
二条通堀川西入二条城町541番地,35.0151103,135.7477878,OK,
二条通堀川西入二条城町541番地,35.0151103,135.7477878,OK,
二条通堀川西入二条城町541番地,35.0151103,135.7477878,OK,
二条通堀川西入二条城町541番地,35.0151103,135.7477878,OK,
二条通堀川西入二条城町541番地,35.0151103,135.7477878,OK,
二条通堀川西入二条城町541番地,35.0151103,135.7477878,OK,
二条通堀川西入二条城町541番地,35.0151103,135.7477878,OK,
二条通堀川西入二条城町541番地,35.0151103,135.7477878,OK,
二条通堀川西入二条城町541番地,35.0151103,135.7477878,OK,
二条通堀川西入二条城町541番地,35.0151103,135.7477878,OK,
南禅寺草川町31番地,35.0116298,135.786946,OK,
南禅寺草川町31番地,35.0116298,135.786946,OK,
南禅寺草川町31番地,35.0116298,135.786946,OK,
南禅寺草川町31番地,35.0116298,135.786946,OK,
岩倉上蔵町100番地,35.078257,135.7831854,OK,
岩倉上蔵町100番地,35.078257,135.7831854,OK,
岩倉上蔵町100番地,35.078257,135.7831854,OK,
岩倉上蔵町100番地,35.078257,135.7831854,OK,
岩倉上蔵町100番地,35.078257,135.7831854,OK,
末丸町284,35.015362,135.7701331,OK,
末丸町284,35.015362,135.7701331,OK,
祇園町北側627番地,35.0049199,135.7792268,OK,
桃山町大蔵,34.9409401,135.7787595,OK,
桃山町大蔵,34.9409401,135.7787595,OK,
桃山町大蔵,34.9409401,135.7787595,OK,
今町659番地の1,34.9354643,135.7618355,OK,
紫野雲林院町44番地の1,35.0410125,135.7496435,OK,
紫野雲林院町44番地の1,35.0410125,135.7496435,OK,
紫野雲林院町44番地の1,35.0410125,135.7496435,OK,
紫野雲林院町44番地の1,35.0410125,135.7496435,OK,
紫野雲林院町44番地の1,35.0410125,135.7496435,OK,
高野西開町5番地,35.0381147,135.7780612,OK,
高野西開町5番地,35.0381147,135.7780612,OK,
高野西開町5番地,35.0381147,135.7780612,OK,
高野西開町5番地,35.0381147,135.7780612,OK,
高野西開町5番地,35.0381147,135.7780612,OK,
岩倉下在地町16番地,35.0745809,135.7858486,OK,
竹鼻四丁野町34番地の1,34.9865066,135.8162216,OK,
竹鼻四丁野町34番地の1,34.9865066,135.8162216,OK,
竹鼻四丁野町34番地の1,34.9865066,135.8162216,OK,
竹鼻四丁野町34番地の1,34.9865066,135.8162216,OK,
竹鼻四丁野町34番地の1,34.9865066,135.8162216,OK,
竹鼻四丁野町34番地の1,34.9865066,135.8162216,OK,
新町通松原下る富永町110番地の1,34.9979976,135.7569768,OK,
新町通松原下る富永町110番地の1,34.9979976,135.7569768,OK,
新町通松原下る富永町110番地の1,34.9979976,135.7569768,OK,
新町通松原下る富永町110番地の1,34.9979976,135.7569768,OK,
新町通松原下る富永町110番地の1,34.9979976,135.7569768,OK,
新町通松原下る富永町110番地の1,34.9979976,135.7569768,OK,
吉祥院池田町1番地,34.9680441,135.7344384,OK,
吉祥院池田町1番地,34.9680441,135.7344384,OK,
山田大吉見町20番地の3,34.9812722,135.6906131,OK,
向島二ノ丸町151番地の35,34.9173009,135.7730391,OK,
石田西ノ坪1番地の2,34.9385749,135.8008262,OK,
石田西ノ坪1番地の2,34.9385749,135.8008262,OK,
石田西ノ坪1番地の2,34.9385749,135.8008262,OK,
石田西ノ坪1番地の2,34.9385749,135.8008262,OK,
岡崎法勝寺町岡崎公園内,35.01341439999999,135.7850382,OK,
岡崎法勝寺町岡崎公園内,35.01341439999999,135.7850382,OK,
岡崎法勝寺町岡崎公園内,35.01341439999999,135.7850382,OK,
今出川通大宮東入元伊佐町265番地の1,35.0300843,135.749717,OK,
今出川通大宮東入元伊佐町265番地の1,35.0300843,135.749717,OK,
今出川通大宮東入元伊佐町265番地の1,35.0300843,135.749717,OK,
寺町通荒神口下る松蔭町138番地の1,35.0191422,135.767686,OK,
岡崎法勝寺町岡崎公園内,35.01341439999999,135.7850382,OK,
岡崎法勝寺町岡崎公園内,35.01341439999999,135.7850382,OK,
岡崎法勝寺町岡崎公園内,35.01341439999999,135.7850382,OK,
岡崎法勝寺町岡崎公園内,35.01341439999999,135.7850382,OK,
岡崎法勝寺町岡崎公園内,35.01341439999999,135.7850382,OK,
岡崎法勝寺町岡崎公園内,35.01341439999999,135.7850382,OK,
岡崎法勝寺町岡崎公園内,35.01341439999999,135.7850382,OK,
岡崎法勝寺町岡崎公園内,35.01341439999999,135.7850382,OK,
岡崎法勝寺町岡崎公園内,35.01341439999999,135.7850382,OK,
岡崎法勝寺町岡崎公園内,35.01341439999999,135.7850382,OK,
岡崎法勝寺町岡崎公園内,35.01341439999999,135.7850382,OK,
岡崎法勝寺町岡崎公園内,35.01341439999999,135.7850382,OK,
岡崎法勝寺町岡崎公園内,35.01341439999999,135.7850382,OK,
岡崎法勝寺町岡崎公園内,35.01341439999999,135.7850382,OK,
岡崎法勝寺町岡崎公園内,35.01341439999999,135.7850382,OK,
岡崎法勝寺町岡崎公園内,35.01341439999999,135.7850382,OK,
岡崎法勝寺町岡崎公園内,35.01341439999999,135.7850382,OK,
岡崎法勝寺町岡崎公園内,35.01341439999999,135.7850382,OK,
岡崎法勝寺町岡崎公園内,35.01341439999999,135.7850382,OK,
清水二丁目205-5,34.9974107,135.7803892,OK,
西九条菅田町7番地,34.9737588,135.7464724,OK,
深草池ノ内町13番地,34.9559941,135.7661712,OK,
深草池ノ内町13番地,34.9559941,135.7661712,OK,
御幸町通仏光寺下る橘町437,35.0008319,135.765757,OK,
御幸町通仏光寺下る橘町437,35.0008319,135.765757,OK,
御幸町通仏光寺下る橘町437,35.0008319,135.765757,OK,
紫野花ノ坊町23番地の1,35.041017,135.7379954,OK,
烏丸通御池上る 元龍池小学校,35.0108822,135.7596054,OK,
烏丸通御池上る 元龍池小学校,35.0108822,135.7596054,OK,
烏丸通御池上る 元龍池小学校,35.0108822,135.7596054,OK,
烏丸通御池上る 元龍池小学校,35.0108822,135.7596054,OK,
下之町6番地の3,34.9859608,135.7648712,OK,
大枝北福西町二丁目300番地3,34.9591142,135.686953,OK,
久我東町216番地,34.9354899,135.7286886,OK,
久我東町216番地,34.9354899,135.7286886,OK,
久我東町216番地,34.9354899,135.7286886,OK,
聚楽廻松下町9番地の2,35.0190312,135.7385579,OK,
聚楽廻松下町9番地の2,35.0190312,135.7385579,OK,
聚楽廻松下町9番地の2,35.0190312,135.7385579,OK,
竹鼻竹ノ街道町92番地,34.9900725,135.8177781,OK,
竹鼻竹ノ街道町92番地,34.9900725,135.8177781,OK,
竹鼻竹ノ街道町92番地,34.9900725,135.8177781,OK,
竹鼻竹ノ街道町92番地,34.9900725,135.8177781,OK,
壬生仙念町30番地の2,35.0038487,135.7352611,OK,
西京極新明町29番地,34.9937522,135.712438,OK,
西京極新明町29番地,34.9937522,135.712438,OK,
西京極新明町29番地,34.9937522,135.712438,OK,
西京極新明町29番地,34.9937522,135.712438,OK,
西京極新明町29番地,34.9937522,135.712438,OK,
西京極徳大寺団子田町64番地,34.9889076,135.7159818,OK,
横大路下ノ坪1番地,34.9156019,135.7351747,OK,
横大路下ノ坪1番地,34.9156019,135.7351747,OK,
横大路下ノ坪1番地,34.9156019,135.7351747,OK,
横大路下ノ坪1番地,34.9156019,135.7351747,OK,
横大路下ノ坪1番地,34.9156019,135.7351747,OK,
横大路下ノ坪1番地,34.9156019,135.7351747,OK,
横大路下ノ坪1番地,34.9156019,135.7351747,OK,
横大路下ノ坪1番地,34.9156019,135.7351747,OK,
横大路下ノ坪1番地,34.9156019,135.7351747,OK,
横大路下ノ坪1番地,34.9156019,135.7351747,OK,
松ケ崎東池ノ内町ほか,35.054192,135.7766854,OK,
松ケ崎東池ノ内町ほか,35.054192,135.7766854,OK,
松ケ崎東池ノ内町ほか,35.054192,135.7766854,OK,
松ケ崎東池ノ内町ほか,35.054192,135.7766854,OK,
松ケ崎東池ノ内町ほか,35.054192,135.7766854,OK,
松ケ崎東池ノ内町ほか,35.054192,135.7766854,OK,
松ケ崎平田町ほか,35.0530812,135.7766854,OK,
松ケ崎平田町ほか,35.0530812,135.7766854,OK,
西京極新明町1番地,34.9954941,135.7150132,OK,
西京極新明町1番地,34.9954941,135.7150132,OK,
西京極新明町1番地,34.9954941,135.7150132,OK,
西京極新明町1番地,34.9954941,135.7150132,OK,
田中玄京町44番地の2,35.032788,135.7768706,OK,
西ノ京北小路町4番地,35.0093279,135.7341058,OK,
椥辻西浦町1番地12,34.9769293,135.8137104,OK,
川端町13番地,34.9865299,135.7662746,OK,
川端町13番地,34.9865299,135.7662746,OK,
川端町13番地,34.9865299,135.7662746,OK,
川端町13番地,34.9865299,135.7662746,OK,
吉祥院砂ノ町47番地,34.9689962,135.7323118,OK,
吉祥院砂ノ町47番地,34.9689962,135.7323118,OK,
吉祥院砂ノ町47番地,34.9689962,135.7323118,OK,
久世大築町36番地,34.9616026,135.7211765,OK,
上桂今井町131番地,34.9961007,135.6978375,OK,
醍醐辰巳町4番地の1,34.9421408,135.8135189,OK,
醍醐辰巳町4番地の1,34.9421408,135.8135189,OK,
深草大亀谷五郎太町23番地,34.9415481,135.7776674,OK,
竹田醍醐田町17番地の6,34.9503506,135.7576578,OK,
京北宮町宮野80-1,35.204152,135.7199446,OK,
聖護院円頓美町46番地の2,35.0169923,135.780837,OK,
聖護院円頓美町46番地の2,35.0169923,135.780837,OK,
聖護院円頓美町46番地の2,35.0169923,135.780837,OK,
聖護院円頓美町46番地の2,35.0169923,135.780837,OK,
聖護院円頓美町46番地の2,35.0169923,135.780837,OK,
聖護院円頓美町46番地の2,35.0169923,135.780837,OK,
聖護院円頓美町46番地の2,35.0169923,135.780837,OK,
聖護院円頓美町46番地の2,35.0169923,135.780837,OK,
聖護院円頓美町46番地の2,35.0169923,135.780837,OK,
西京極新明町32番地,34.9947899,135.7151237,OK,
桃山町大蔵地内,34.9409401,135.7787595,OK,
桃山町大蔵地内,34.9409401,135.7787595,OK,
一乗寺御祭田町1番地,35.0422029,135.7865836,OK,
一乗寺御祭田町1番地,35.0422029,135.7865836,OK,
一乗寺御祭田町1番地,35.0422029,135.7865836,OK,
岡崎最勝寺町63番地,35.0144129,135.7820191,OK,
岡崎最勝寺町63番地,35.0144129,135.7820191,OK,
岡崎最勝寺町63番地,35.0144129,135.7820191,OK,
岡崎最勝寺町63番地,35.0144129,135.7820191,OK,
岩倉忠在寺町,35.019943,135.7673863,OK,
岩倉忠在寺町,35.019943,135.7673863,OK,
西ノ京船塚町1番地,35.0121416,135.7369972,OK,
西ノ京船塚町1番地,35.0121416,135.7369972,OK,
西ノ京船塚町1番地,35.0121416,135.7369972,OK,
西ノ京船塚町1番地,35.0121416,135.7369972,OK,
勧修寺東金ケ崎,34.9668398,135.8092899,OK,
東野八反畑町41番地の4,34.9766918,135.8107724,OK,
吉祥院新田下ノ向町,34.971053,135.7230846,OK,
吉祥院新田下ノ向町,34.971053,135.7230846,OK,
吉祥院新田下ノ向町,34.971053,135.7230846,OK,
吉祥院新田下ノ向町,34.971053,135.7230846,OK,
吉祥院新田下ノ向町,34.971053,135.7230846,OK,
吉祥院新田下ノ向町,34.971053,135.7230846,OK,
吉祥院新田下ノ向町,34.971053,135.7230846,OK,
吉祥院新田下ノ向町,34.971053,135.7230846,OK,
上鳥羽仏現寺町12番地,34.9701854,135.7503216,OK,
東九条下殿田町69番地,34.9781421,135.7573089,OK,
東九条下殿田町69番地,34.9781421,135.7573089,OK,
東九条下殿田町69番地,34.9781421,135.7573089,OK,
東九条下殿田町69番地,34.9781421,135.7573089,OK,
東九条下殿田町69番地,34.9781421,135.7573089,OK,
東九条下殿田町69番地,34.9781421,135.7573089,OK,
西院日照町,35.0015904,135.7242685,OK,
西院日照町,35.0015904,135.7242685,OK,
西院日照町,35.0015904,135.7242685,OK,
西院日照町,35.0015904,135.7242685,OK,
牛ケ瀬車ケ瀬,35.1950471,135.7042942,OK,
大枝東新林町二丁目,34.9681142,135.6748659,OK,
大枝東新林町二丁目,34.9681142,135.6748659,OK,
大枝東新林町二丁目,34.9681142,135.6748659,OK,
大枝東新林町二丁目,34.9681142,135.6748659,OK,
下鳥羽六反長町,34.9341709,135.7523947,OK,
下鳥羽六反長町,34.9341709,135.7523947,OK,
下鳥羽六反長町,34.9341709,135.7523947,OK,
桃山泰長老町,34.9300887,135.7741052,OK,
桃山泰長老町,34.9300887,135.7741052,OK,
花脊八桝町250番地,35.2199422,135.7816221,OK,
花脊八桝町250番地,35.2199422,135.7816221,OK,
京北下宇津町向ヒ山,35.1452786,135.5676592,OK,
京北下宇津町向ヒ山,35.1452786,135.5676592,OK,
京北下宇津町向ヒ山,35.1452786,135.5676592,OK,
京北下宇津町向ヒ山,35.1452786,135.5676592,OK,
京北下宇津町向ヒ山,35.1452786,135.5676592,OK,
京北下宇津町向ヒ山,35.1452786,135.5676592,OK,
京北下宇津町向ヒ山,35.1452786,135.5676592,OK,
京北下宇津町向ヒ山,35.1452786,135.5676592,OK,
太秦中山町29番地,35.0266292,135.6998566,OK,
太秦中山町29番地,35.0266292,135.6998566,OK,
日野船尾2番地,34.9346771,135.8215779,OK,
日野船尾2番地,34.9346771,135.8215779,OK,
小塩町初川口ほか,35.8077356,139.7241874,OK,
雲ケ畑中津川町28番地,35.1271908,135.735517,OK,
雲ケ畑中津川町28番地,35.1271908,135.735517,OK,
雲ケ畑中津川町28番地,35.1271908,135.735517,OK,
花脊八桝町,35.2176449,135.7876499,OK,
静市静原町1172,35.1166016,135.7947633,OK,
静市静原町1172,35.1166016,135.7947633,OK,
静市静原町1172,35.1166016,135.7947633,OK,
朱雀分木町80番地,34.9895853,135.7415486,OK,
朱雀分木町80番地,34.9895853,135.7415486,OK,
朱雀分木町80番地,34.9895853,135.7415486,OK,
朱雀分木町80番地,34.9895853,135.7415486,OK,
朱雀分木町80番地,34.9895853,135.7415486,OK,
朱雀分木町80番地,34.9895853,135.7415486,OK,
朱雀分木町80番地,34.9895853,135.7415486,OK,
朱雀分木町80番地,34.9895853,135.7415486,OK,
朱雀分木町80番地,34.9895853,135.7415486,OK,
朱雀分木町80番地,34.9895853,135.7415486,OK,
朱雀分木町80番地,34.9895853,135.7415486,OK,
朱雀分木町80番地,34.9895853,135.7415486,OK,
朱雀分木町80番地,34.9895853,135.7415486,OK,
朱雀分木町80番地,34.9895853,135.7415486,OK,
朱雀分木町80番地,34.9895853,135.7415486,OK,
朱雀分木町80番地,34.9895853,135.7415486,OK,
朱雀分木町80番地,34.9895853,135.7415486,OK,
朱雀分木町80番地,34.9895853,135.7415486,OK,
朱雀分木町80番地,34.9895853,135.7415486,OK,
朱雀分木町80番地,34.9895853,135.7415486,OK,
朱雀分木町80番地,34.9895853,135.7415486,OK,
朱雀分木町80番地,34.9895853,135.7415486,OK,
朱雀分木町80番地,34.9895853,135.7415486,OK,
朱雀分木町80番地,34.9895853,135.7415486,OK,
朱雀分木町80番地,34.9895853,135.7415486,OK,
吉祥院石原東之口町2番地,34.9640703,135.7317791,OK,
吉祥院石原東之口町2番地,34.9640703,135.7317791,OK,
岡崎成勝寺町9番地の1,35.0126884,135.780982,OK,
京北周山町上寺田1-1,35.1553091,135.6334164,OK,
京北周山町上寺田1-1,35.1553091,135.6334164,OK,
京北宮町宮野93,35.2044219,135.7204946,OK,
安朱桟敷町23番地,34.9913879,135.8167667,OK,
安朱桟敷町23番地,34.9913879,135.8167667,OK,
安朱桟敷町23番地,34.9913879,135.8167667,OK,
安朱桟敷町23番地,34.9913879,135.8167667,OK,
竹鼻竹ノ街道町91番地,34.9904385,135.8169527,OK,
竹鼻竹ノ街道町91番地,34.9904385,135.8169527,OK,
竹鼻竹ノ街道町91番地,34.9904385,135.8169527,OK,
竹鼻竹ノ街道町91番地,34.9904385,135.8169527,OK,
久多下之町411番地,35.0191879,135.7362016,OK,
久多下之町411番地,35.0191879,135.7362016,OK,
京北塔町中筋浦,35.1784612,135.6594936,OK,
京北比賀江町院谷6,35.1817553,135.6630406,OK,
三軒町65,35.0250522,135.7406573,OK,
田中飛鳥井町40番地,35.0321666,135.7797906,OK,
田中飛鳥井町40番地,35.0321666,135.7797906,OK,
田中飛鳥井町40番地,35.0321666,135.7797906,OK,
下鴨貴船町62番地,35.0425763,135.7679496,OK,
勧修寺西栗栖野町225番地,34.9692544,135.8078632,OK,
勧修寺西栗栖野町225番地,34.9692544,135.8078632,OK,
新町通七条下る東塩小路町590-10,34.9883893,135.7573925,OK,
花園木辻南町12-11,35.0203551,135.7237875,OK,
嵯峨折戸町28番地9,35.0174232,135.6860657,OK,
嵯峨折戸町28番地9,35.0174232,135.6860657,OK,
嵯峨折戸町28番地9,35.0174232,135.6860657,OK,
大枝沓掛町13-6,34.9738222,135.6633692,OK,
大枝沓掛町13-6,34.9738222,135.6633692,OK,
大枝沓掛町13-6,34.9738222,135.6633692,OK,
大枝沓掛町13-6,34.9738222,135.6633692,OK,
大枝沓掛町13-6,34.9738222,135.6633692,OK,
大枝沓掛町13-6,34.9738222,135.6633692,OK,
大枝沓掛町13-6,34.9738222,135.6633692,OK,
大枝沓掛町13-6,34.9738222,135.6633692,OK,
大枝沓掛町13-6,34.9738222,135.6633692,OK,
大枝沓掛町13-6,34.9738222,135.6633692,OK,
大枝沓掛町13-6,34.9738222,135.6633692,OK,
大枝沓掛町13-6,34.9738222,135.6633692,OK,
大枝沓掛町13-6,34.9738222,135.6633692,OK,
"大枝沓掛町14-26,14-27,14-197",34.9749543,135.6614916,OK,
大枝沓掛町13-6,34.9738222,135.6633692,OK,
大枝沓掛町13-6,34.9738222,135.6633692,OK,
大枝沓掛町13-6,34.9738222,135.6633692,OK,
大枝沓掛町13-6,34.9738222,135.6633692,OK,
大枝沓掛町13-6,34.9738222,135.6633692,OK,
大枝沓掛町13-6,34.9738222,135.6633692,OK,
大枝沓掛町13-6,34.9738222,135.6633692,OK,
大枝沓掛町13-6,34.9738222,135.6633692,OK,
大枝沓掛町13-6,34.9738222,135.6633692,OK,
大枝沓掛町13-6,34.9738222,135.6633692,OK,
大枝沓掛町13-6,34.9738222,135.6633692,OK,
大枝沓掛町13-6,34.9738222,135.6633692,OK,
大枝沓掛町13-6,34.9738222,135.6633692,OK,
大枝沓掛町13-6,34.9738222,135.6633692,OK,
大枝沓掛町13-6,34.9738222,135.6633692,OK,
大枝沓掛町13-6,34.9738222,135.6633692,OK,
大枝沓掛町13-6,34.9738222,135.6633692,OK,
大枝沓掛町13-6,34.9738222,135.6633692,OK,
大枝沓掛町13-6,34.9738222,135.6633692,OK,
大枝沓掛町13-6,34.9738222,135.6633692,OK,
大枝沓掛町13-6,34.9738222,135.6633692,OK,
大枝沓掛町13-6,34.9738222,135.6633692,OK,
大枝沓掛町13-6,34.9738222,135.6633692,OK,
大枝沓掛町13-6,34.9738222,135.6633692,OK,
大枝沓掛町13-6,34.9738222,135.6633692,OK,
大枝沓掛町13-6,34.9738222,135.6633692,OK,
大枝沓掛町13-6,34.9738222,135.6633692,OK,
河原町通松原上る二丁目富永町344番地,35.0022242,135.7680516,OK,
河原町通松原上る二丁目富永町344番地,35.0022242,135.7680516,OK,
志摩市大王町船越231番地,34.2656503,136.8602231,OK,
志摩市大王町船越231番地,34.2656503,136.8602231,OK,
志摩市大王町船越231番地,34.2656503,136.8602231,OK,
志摩市大王町船越231番地,34.2656503,136.8602231,OK,
志摩市大王町船越231番地,34.2656503,136.8602231,OK,
志摩市大王町船越231番地,34.2656503,136.8602231,OK,
志摩市大王町船越231番地,34.2656503,136.8602231,OK,
志摩市大王町船越231番地,34.2656503,136.8602231,OK,
志摩市大王町船越231番地,34.2656503,136.8602231,OK,
志摩市大王町船越231番地,34.2656503,136.8602231,OK,
志摩市大王町船越231番地,34.2656503,136.8602231,OK,
志摩市大王町船越231番地,34.2656503,136.8602231,OK,
志摩市大王町船越231番地,34.2656503,136.8602231,OK,
志摩市大王町船越231番地,34.2656503,136.8602231,OK,
志摩市大王町船越231番地,34.2656503,136.8602231,OK,
志摩市大王町船越231番地,34.2656503,136.8602231,OK,
志摩市大王町船越231番地,34.2656503,136.8602231,OK,
志摩市大王町船越231番地,34.2656503,136.8602231,OK,
志摩市大王町船越231番地,34.2656503,136.8602231,OK,
志摩市大王町船越231番地,34.2656503,136.8602231,OK,
志摩市大王町船越231番地,34.2656503,136.8602231,OK,
花脊別所町399番地,35.1722745,135.7855383,OK,
花脊別所町399番地,35.1722745,135.7855383,OK,
花脊別所町399番地,35.1722745,135.7855383,OK,
花脊別所町399番地,35.1722745,135.7855383,OK,
花脊別所町399番地,35.1722745,135.7855383,OK,
花脊別所町399番地,35.1722745,135.7855383,OK,
花脊別所町399番地,35.1722745,135.7855383,OK,
花脊別所町399番地,35.1722745,135.7855383,OK,
花脊別所町399番地,35.1722745,135.7855383,OK,
花脊別所町399番地,35.1722745,135.7855383,OK,
花脊別所町399番地,35.1722745,135.7855383,OK,
花脊別所町399番地,35.1722745,135.7855383,OK,
花脊別所町399番地,35.1722745,135.7855383,OK,
花脊別所町399番地,35.1722745,135.7855383,OK,
花脊別所町399番地,35.1722745,135.7855383,OK,
花脊別所町399番地,35.1722745,135.7855383,OK,
花脊別所町399番地,35.1722745,135.7855383,OK,
東洞院姉小路下る曇華院前町706,35.0091653,135.7621139,OK,
西洞院通下立売下る東裏辻町402番地,35.0194366,135.7553563,OK,
西洞院通下立売下る東裏辻町402番地,35.0194366,135.7553563,OK,
花背大布施町117，118，119,35.2055575,135.7757965,OK,
花脊八桝町65-1,35.2118093,135.7762718,OK,
広河原杓子屋町98番地,35.2503349,135.7657037,OK,
広河原杓子屋町194番地,35.2510342,135.7734261,OK,
広河原杓子屋町194番地,35.2510342,135.7734261,OK,
京北周山町上代29-1,35.1581395,135.6304598,OK,
京北細野町東ノ垣内7-1,35.1241799,135.6408853,OK,
京北周山町上代29-1,35.1581395,135.6304598,OK,
京北周山町上植代8,35.1595911,135.6305362,OK,
嵯峨越畑南ノ町32-2,35.0830392,135.6108597,OK,
嵯峨越畑南ノ町32-2,35.0830392,135.6108597,OK,
嵯峨越畑南ノ町32-2,35.0830392,135.6108597,OK,
嵯峨水尾宮ノ脇町32-2,35.0453642,135.6253962,OK,
嵯峨樒原若宮下町17番地,35.0723091,135.6104935,OK,
花背大布施町364-1,35.2056654,135.772684,OK,
花背大布施町117，118，119,35.2055575,135.7757965,OK,
西京極宮ノ東町,34.9909086,135.7233806,OK,
西京極葛野町2,34.9977677,135.7183493,OK,
西院日照町１,35.0026873,135.7253374,OK,
大津市御殿浜130-13,35.1566609,135.5251982,OK,
鹿ケ谷高岸町2番地の1,35.0162108,135.7932566,OK,
田中馬場町77番地,35.0326213,135.7753715,OK,
西ノ京新建町12番地,35.0097357,135.7327417,OK,
三条大橋東三丁目下る教業町696番地,35.0081371,135.7757325,OK,
屋形町6番地の1,34.9853189,135.7663346,OK,
吉祥院這登東町47番地,34.9698034,135.7311575,OK,
上鳥羽山ノ本町38番地,34.9624229,135.7374557,OK,
久世大築町66番地,34.9603568,135.7223101,OK,
醍醐外山街道町21番地の11,34.9404725,135.8135564,OK,
竹田狩賀町131番地,34.9485285,135.7563318,OK,
深草大亀谷岩山町48番地の1,34.9427305,135.7886131,OK,
深草大亀谷岩山町48番地の1,34.9427305,135.7886131,OK,
深草大亀谷岩山町48番地の1,34.9427305,135.7886131,OK,
桂艮町1番地の2,34.9860378,135.6995606,OK,
桂艮町1番地の2,34.9860378,135.6995606,OK,
桂艮町1番地の2,34.9860378,135.6995606,OK,
桂艮町1番地の2,34.9860378,135.6995606,OK,
釜座通丸太町上る梅屋町174-3,35.0180263,135.7561267,OK,
上花山旭山町19番地の3,34.9852928,135.787937,OK,
上花山旭山町19番地の3,34.9852928,135.787937,OK,
上花山旭山町19番地の3,34.9852928,135.787937,OK,
上花山旭山町19番地の3,34.9852928,135.787937,OK,
大北山蓮ケ谷町2番地の1,35.0439115,135.7240494,OK,
深草石峰寺山町,34.9648901,135.7752039,OK,
深草石峰寺山町,34.9648901,135.7752039,OK,
深草石峰寺山町,34.9648901,135.7752039,OK,
粟田口大日山町,35.0085345,135.7977276,OK,
粟田口大日山町,35.0085345,135.7977276,OK,
粟田口大日山町,35.0085345,135.7977276,OK,
今熊野日吉町,34.9869392,135.7790559,OK,
今熊野日吉町,34.9869392,135.7790559,OK,
御室住吉山町,35.0366852,135.7136145,OK,
西九条南田町1番地の2,34.9767895,135.7472275,OK,
西九条南田町1番地の2,34.9767895,135.7472275,OK,
西九条南田町1番地の2,34.9767895,135.7472275,OK,
紫野上御興町23番地の1,35.1566609,135.5251982,OK,
鹿ケ谷高岸町2-2,35.0159568,135.7926884,OK,
田中馬場町74番地,35.0324711,135.7756194,OK,
西ノ京北小路町17番地の2,35.0092265,135.7338334,OK,
久世大藪町196番地の1,34.9584468,135.7214227,OK,
深草加賀屋敷町14-16,34.948056,135.7576459,OK,
醍醐外山街道町21,34.9404364,135.8135604,OK,
久多下の町203,35.2639423,135.8235012,OK,
上之町38番地,34.986976,135.7650938,OK,
上之町38番地,34.986976,135.7650938,OK,
上之町38番地,34.986976,135.7650938,OK,
上鳥羽山ノ本町60番地,34.9617218,135.7373754,OK,
上鳥羽山ノ本町60番地,34.9617218,135.7373754,OK,
上鳥羽山ノ本町60番地,34.9617218,135.7373754,OK,
嵯峨水尾宮ノ脇町10,35.0463584,135.6258917,OK,
西ノ京中保町1番地の4,35.0217101,135.7312428,OK,
四条通大宮西入錦大宮町116番地先,35.0039001,135.7485957,OK,
平野上柳町28番地の24,35.0360422,135.7274756,OK,
堀川通寺之内上る二丁目下天神町650番地の1,35.0357581,135.7498678,OK,
堀川通寺之内上る二丁目下天神町650番地の1,35.0357581,135.7498678,OK,
堀川通寺之内上る二丁目下天神町650番地の1,35.0357581,135.7498678,OK,
御前通一条下る東竪町132番地の1,35.0247653,135.7368314,OK,
御前通一条下る東竪町132番地の1,35.0247653,135.7368314,OK,
御前通一条下る東竪町132番地の1,35.0247653,135.7368314,OK,
日暮通下立売上る西入分銅町556番,35.02052370000001,135.7469159,OK,
高野蓼原町47番地の5,35.0344178,135.7763468,OK,
高野蓼原町47番地の5,35.0344178,135.7763468,OK,
高野蓼原町47番地の5,35.0344178,135.7763468,OK,
山端柳ケ坪町18番地,35.0495267,135.7915419,OK,
山端柳ケ坪町18番地,35.0495267,135.7915419,OK,
山端柳ケ坪町18番地,35.0495267,135.7915419,OK,
御池通柳馬場東入東八幡町579番地,35.0111266,135.7649273,OK,
御池通柳馬場東入東八幡町579番地,35.0111266,135.7649273,OK,
御池通柳馬場東入東八幡町579番地,35.0111266,135.7649273,OK,
御池通柳馬場東入東八幡町579番地,35.0111266,135.7649273,OK,
御池通柳馬場東入東八幡町579番地,35.0111266,135.7649273,OK,
御池通柳馬場東入東八幡町579番地,35.0111266,135.7649273,OK,
西ノ京東中合町2番地,35.0133578,135.7306097,OK,
西ノ京東中合町2番地,35.0133578,135.7306097,OK,
西ノ京東中合町2番地,35.0133578,135.7306097,OK,
西ノ京東中合町2番地,35.0133578,135.7306097,OK,
西ノ京東中合町2番地,35.0133578,135.7306097,OK,
三条通古川町東入分木町80番地の2,35.0095172,135.7789077,OK,
三条通古川町東入分木町80番地の2,35.0095172,135.7789077,OK,
三条通古川町東入分木町80番地の2,35.0095172,135.7789077,OK,
渋谷通本町東入四丁目鐘鋳町415番地の4,34.99311429999999,135.7747819,OK,
渋谷通本町東入四丁目鐘鋳町415番地の4,34.99311429999999,135.7747819,OK,
渋谷通本町東入四丁目鐘鋳町415番地の4,34.99311429999999,135.7747819,OK,
日ノ岡朝田町53番地の11,34.9975609,135.7974311,OK,
日ノ岡朝田町53番地の11,34.9975609,135.7974311,OK,
日ノ岡朝田町53番地の11,34.9975609,135.7974311,OK,
西野大手先町2-1,34.9850555,135.8147215,OK,
西野大手先町2-1,34.9850555,135.8147215,OK,
西野大手先町2-1,34.9850555,135.8147215,OK,
川田土仏26番地,34.9768879,135.7971816,OK,
栗栖野打越町17番地,34.9718798,135.8077386,OK,
栗栖野打越町17番地,34.9718798,135.8077386,OK,
栗栖野打越町17番地,34.9718798,135.8077386,OK,
花屋町通室町西入乾町292,34.9935537,135.7572619,OK,
花屋町通室町西入乾町292,34.9935537,135.7572619,OK,
花屋町通室町西入乾町292,34.9935537,135.7572619,OK,
花屋町通室町西入乾町292,34.9935537,135.7572619,OK,
西新屋敷中之町103番地の2,34.9935009,135.7448878,OK,
西新屋敷中之町103番地の2,34.9935009,135.7448878,OK,
西新屋敷中之町103番地の2,34.9935009,135.7448878,OK,
東九条東札辻町6番地の1,34.9752631,135.7631684,OK,
東九条東札辻町6番地の1,34.9752631,135.7631684,OK,
東九条東札辻町6番地の1,34.9752631,135.7631684,OK,
吉祥院砂ノ町50番地,34.968528,135.7327118,OK,
吉祥院砂ノ町50番地,34.968528,135.7327118,OK,
吉祥院砂ノ町50番地,34.968528,135.7327118,OK,
西院上今田町18番地の3,35.0081553,135.732388,OK,
西院上今田町18番地の3,35.0081553,135.732388,OK,
西院上今田町18番地の3,35.0081553,135.732388,OK,
西京極葛野町3番地,34.9980059,135.7187898,OK,
西京極葛野町3番地,34.9980059,135.7187898,OK,
西京極葛野町3番地,34.9980059,135.7187898,OK,
西京極葛野町3番地,34.9980059,135.7187898,OK,
紙子屋町544,34.9402497,135.7605905,OK,
紙子屋町544,34.9402497,135.7605905,OK,
紙子屋町544,34.9402497,135.7605905,OK,
紙子屋町544,34.9402497,135.7605905,OK,
紙子屋町544,34.9402497,135.7605905,OK,
紙子屋町544,34.9402497,135.7605905,OK,
北端町44-7,34.9453098,135.7547924,OK,
北端町44-7,34.9453098,135.7547924,OK,
北端町44-7,34.9453098,135.7547924,OK,
北端町44-7,34.9453098,135.7547924,OK,
醍醐辰巳町12-1,34.9409344,135.8141451,OK,
醍醐辰巳町12-1,34.9409344,135.8141451,OK,
醍醐辰巳町12-1,34.9409344,135.8141451,OK,
醍醐辰巳町12-1,34.9409344,135.8141451,OK,
上賀茂馬ノ目町10番地の1,35.06688,135.7476117,OK,
上賀茂馬ノ目町10番地の1,35.06688,135.7476117,OK,
上賀茂馬ノ目町10番地の1,35.06688,135.7476117,OK,
上賀茂馬ノ目町10番地の1,35.06688,135.7476117,OK,
小川通今出川下る西入東今町375番地,35.0289982,135.7536564,OK,
小川通今出川下る西入東今町375番地,35.0289982,135.7536564,OK,
小川通今出川下る西入東今町375番地,35.0289982,135.7536564,OK,
小川通今出川下る西入東今町375番地,35.0289982,135.7536564,OK,
蛸薬師通油小路東入元本能寺南町346番地,35.00593569999999,135.7540665,OK,
蛸薬師通油小路東入元本能寺南町346番地,35.00593569999999,135.7540665,OK,
蛸薬師通油小路東入元本能寺南町346番地,35.00593569999999,135.7540665,OK,
蛸薬師通油小路東入元本能寺南町346番地,35.00593569999999,135.7540665,OK,
蛸薬師通油小路東入元本能寺南町346番地,35.00593569999999,135.7540665,OK,
東九条西岩本町1-1,34.9822299,135.7631186,OK,
東九条西岩本町1-1,34.9822299,135.7631186,OK,
東九条西岩本町1-1,34.9822299,135.7631186,OK,
東九条西岩本町1-1,34.9822299,135.7631186,OK,
下津林東大般若町32,34.9760947,135.7139485,OK,
下津林東大般若町32,34.9760947,135.7139485,OK,
下津林東大般若町32,34.9760947,135.7139485,OK,
下津林東大般若町32,34.9760947,135.7139485,OK,
下津林東大般若町32,34.9760947,135.7139485,OK,
下津林東大般若町32,34.9760947,135.7139485,OK,
今小路通御前東入西今小路町797番地,35.0282504,135.7370319,OK,
今小路通御前東入西今小路町797番地,35.0282504,135.7370319,OK,
今小路通御前東入西今小路町797番地,35.0282504,135.7370319,OK,
今小路通御前東入西今小路町797番地,35.0282504,135.7370319,OK,
久世中久世町五丁目19番地の1,34.9585285,135.7114322,OK,
久世中久世町五丁目19番地の1,34.9585285,135.7114322,OK,
久世中久世町五丁目19番地の1,34.9585285,135.7114322,OK,
久世中久世町五丁目19番地の1,34.9585285,135.7114322,OK,
太秦森ケ前町22番地の3,35.0100836,135.7127992,OK,
太秦森ケ前町22番地の3,35.0100836,135.7127992,OK,
太秦森ケ前町22番地の3,35.0100836,135.7127992,OK,
上桂前田町29番地の2,34.9865682,135.6996165,OK,
上桂前田町29番地の2,34.9865682,135.6996165,OK,
上桂前田町29番地の2,34.9865682,135.6996165,OK,
上桂前田町29番地の2,34.9865682,135.6996165,OK,
壬生坊城町48番地の3 ＵＲ都市機構壬生坊城第二団地4棟1階,35.0053349,135.7451072,OK,
椥辻西浦町41番地の107,34.9748729,135.8140145,OK,
吉祥院西定成町32番地,34.9770308,135.735217,OK,
吉祥院西定成町32番地,34.9770308,135.735217,OK,
吉祥院西定成町32番地,34.9770308,135.735217,OK,
鳴滝宅間町14番地の2,35.0321353,135.7042475,OK,
久多下の町203番地,35.2639423,135.8235012,OK,
吉田近衛町26番地の72,35.0207431,135.7806681,OK,
吉田近衛町26番地の72,35.0207431,135.7806681,OK,
吉田近衛町26番地の72,35.0207431,135.7806681,OK,
吉田近衛町26番地の72,35.0207431,135.7806681,OK,
壬生坊城町19-4,35.0039526,135.7459567,OK,
壬生坊城町19-4,35.0039526,135.7459567,OK,
壬生坊城町19-4,35.0039526,135.7459567,OK,
壬生坊城町19-4,35.0039526,135.7459567,OK,
吉祥院西定成町35,34.9769534,135.7356692,OK,
吉祥院西定成町34,34.9770583,135.735487,OK,
太秦森ケ前町21-10,35.0103329,135.7128407,OK,
太秦森ケ前町21-10,35.0103329,135.7128407,OK,
太秦森ケ前町21-10,35.0103329,135.7128407,OK,
桂徳大寺北町81,34.990074,135.7051745,OK,
醍醐辰巳町6,34.9414822,135.8134411,OK,
横大路千両松町277番地,34.9197323,135.7372145,OK,
横大路千両松町277番地,34.9197323,135.7372145,OK,
横大路千両松町277番地,34.9197323,135.7372145,OK,
横大路千両松町277番地,34.9197323,135.7372145,OK,
大原野上里南ノ町38番地の2,34.9530634,135.6784552,OK,
壬生仙念町30番地,35.0039013,135.7356921,OK,
壬生仙念町30番地,35.0039013,135.7356921,OK,
壬生仙念町30番地,35.0039013,135.7356921,OK,
壬生仙念町30番地,35.0039013,135.7356921,OK,
壬生仙念町30番地,35.0039013,135.7356921,OK,
高野玉岡町5番地,35.0449552,135.7832045,OK,
高野玉岡町5番地,35.0449552,135.7832045,OK,
上鳥羽塔ノ森上河原37-4,34.9477618,135.7386122,OK,
紫野上築山町30番地1,35.0403444,135.7451766,OK,
竹屋町通千本東入主税町910番地の25,35.0166015,135.7439115,OK,
竹屋町通千本東入主税町910番地の25,35.0166015,135.7439115,OK,
竹屋町通千本東入主税町910番地の25,35.0166015,135.7439115,OK,
竹屋町通千本東入主税町910番地の25,35.0166015,135.7439115,OK,
深草加賀屋敷町24番地の13,34.9480818,135.7572858,OK,
深草加賀屋敷町24番地の26,34.9481293,135.7569818,OK,
深草西浦町65-1,34.9597293,135.7651309,OK,
京北下中町柿木通6番地の3,35.1978362,135.6351156,OK,
紫野北花ノ坊町23番地,35.0419433,135.7376675,OK,
寺町通今出川上る五丁目鶴山町5番地の6,35.0347212,135.7661863,OK,
田中玄京町151番地,35.0319321,135.7762646,OK,
西ノ京新建町1番地,35.0097001,135.7322631,OK,
聚楽廻松下町9番地の4,35.0189621,135.737691,OK,
聚楽廻松下町9番地の4,35.0189621,135.737691,OK,
聚楽廻松下町9番地の4,35.0189621,135.737691,OK,
花見小路通古門前上る巽町467,35.0078651,135.7765763,OK,
三条大橋東三丁目下る長光町621番地,35.0082528,135.7768045,OK,
西九条春日町49番地,34.9816414,135.7542689,OK,
西九条南田町9番地,34.9781252,135.7474518,OK,
西九条南田町9番地,34.9781252,135.7474518,OK,
西九条南田町9番地,34.9781252,135.7474518,OK,
西九条南田町9番地,34.9781252,135.7474518,OK,
西九条南田町9番地,34.9781252,135.7474518,OK,
久世大築町50番地,34.9602915,135.7207804,OK,
久世大築町47番地の2,34.9608816,135.720998,OK,
京北井戸町丸山110番地,35.1980582,135.6862017,OK,
京北井戸町丸山110番地,35.1980582,135.6862017,OK,
京北井戸町丸山110番地,35.1980582,135.6862017,OK,
京北下弓削町狭間谷6番地の1,35.1865398,135.6367398,OK,
京北五本松町西山24番地の3,35.1738301,135.6268471,OK,
竹田狩賀町153番地の1,34.9468781,135.7567763,OK,
竹田狩賀町153番地の1,34.9468781,135.7567763,OK,
醍醐外山街道町21番地の58,34.9404364,135.8135604,OK,
醍醐外山街道町21番地の58,34.9404364,135.8135604,OK,
京北細野町東ノ垣内9番地の1,35.1237092,135.6414187,OK,
上賀茂烏帽子ケ垣内町24番地,35.0558253,135.7577204,OK,
大宮薬師山東町13番地の17,35.0572525,135.7397648,OK,
大宮西野山町41番地,35.0504761,135.7392257,OK,
紫竹下園生町26番地,35.052843,135.7501582,OK,
室町通上立売上る東入柳図子町301番地,35.033645,135.7591073,OK,
吉田中阿達町39番地の15,35.0250223,135.7758335,OK,
岡崎入江町8番地,35.0183872,135.7830223,OK,
浄土寺真如町155番地の2,35.0202853,135.7912627,OK,
北白川上別当町39番地の5,35.0312953,135.7929293,OK,
田中玄京町30番地,35.0322936,135.7776113,OK,
下鴨北野々神町26番地,35.0520226,135.7719447,OK,
下鴨北野々神町26番地,35.0520226,135.7719447,OK,
下鴨北野々神町26番地,35.0520226,135.7719447,OK,
上高野松田町5番地,35.0609313,135.7950597,OK,
一乗寺燈籠本町26番地,35.0451197,135.7943941,OK,
一乗寺里ノ西町34番地,35.0446555,135.7891415,OK,
松ケ崎小竹薮町32番地の3,35.047148,135.7821899,OK,
松ケ崎小竹薮町32番地の3,35.047148,135.7821899,OK,
静市市原町254番地の2,35.0861411,135.7599842,OK,
岩倉忠在地町215番地の2,35.0758758,135.7870571,OK,
岩倉忠在地町215番地の2,35.0758758,135.7870571,OK,
岩倉北四ノ坪町35番地,35.0670369,135.7840421,OK,
西ノ京北小路町5番地,35.0096492,135.7341271,OK,
西ノ京南大炊御門町33番地,35.01930850000001,135.7298582,OK,
壬生松原町19番地の2,34.9991832,135.7418016,OK,
今熊野日吉町48番地の34,34.9861222,135.7803557,OK,
竹鼻四丁野町42番地の3,34.9863082,135.8153213,OK,
厨子奥苗代元町31番地,34.989375,135.8043286,OK,
西野櫃川町27番地の3,34.9833648,135.8032568,OK,
四ノ宮神田町26番地,34.9894948,135.8228575,OK,
音羽森廻リ町34番地の5,35.1566609,135.5251982,OK,
小野蚊ケ瀬町15番地,34.9632595,135.8113296,OK,
西野山中臣町29番地の36 折上神社内,34.9725958,135.8035326,OK,
西野山欠ノ上町65番地の10,34.9765167,135.8007991,OK,
西七条西石ケ坪町5番地,34.9925985,135.7337407,OK,
唐橋西寺町65番地,34.9801818,135.7375919,OK,
東九条南山王町5番地の5,34.981153,135.7614652,OK,
東九条南山王町5番地の5,34.981153,135.7614652,OK,
東九条南山王町5番地の5,34.981153,135.7614652,OK,
吉祥院三ノ宮町106番地,34.977573,135.7286921,OK,
吉祥院西定成町35番地,34.9769534,135.7356692,OK,
上鳥羽南唐戸町28番地,34.9719536,135.7419472,OK,
久世大築町50番地の1,34.9602964,135.7207591,OK,
嵯峨野秋街道町35番地の1,35.0124734,135.6962319,OK,
山ノ内宮脇町12番地の2,35.0103583,135.723017,OK,
西京極火打畑町6番地の1,34.9857913,135.7168326,OK,
西京極西池田町13番地の6,34.9920722,135.7192845,OK,
梅津中村町35番地の5,35.0003313,135.7005087,OK,
梅津開キ町18番地,35.006122,135.7007996,OK,
梅津開キ町18番地,35.006122,135.7007996,OK,
嵯峨広沢御所ノ内町21番地の3,35.02173,135.6880805,OK,
花園天授ケ岡町3番地の15,35.0264649,135.7177538,OK,
桂上野西町273番地,34.9953164,135.6995978,OK,
桂徳大寺南町2番地,34.9887564,135.7056348,OK,
下津林東般若町44番地,34.9726838,135.7139104,OK,
下津林東般若町44番地,34.9726838,135.7139104,OK,
樫原山路11番地の10,34.9715048,135.696707,OK,
嵐山東海道町47番地の1,35.0070815,135.6859846,OK,
大枝塚原町4番地の63,34.9726565,135.672884,OK,
大原野上里北ノ町,34.9531845,135.6816668,OK,
大和町568番地,34.9425212,135.7606493,OK,
大和町568番地,34.9425212,135.7606493,OK,
西柳町577番地,34.9298049,135.7597726,OK,
向島津田町91番地の5,34.9229647,135.7644829,OK,
桃山町正宗52番地の6,34.9423624,135.7757687,OK,
桃山町伊庭16番地,34.9360186,135.7870129,OK,
醍醐西大路町75番地の1,34.9502788,135.8172558,OK,
醍醐東合場町27番地の8,34.9410735,135.8129236,OK,
日野林49番地の12,34.9369656,135.8165104,OK,
深草池ノ内町2番地,34.9544238,135.7623905,OK,
竹田醍醐田町17番地の5,34.9503426,135.7576332,OK,
横大路柿ノ本町3番地の5,34.9257155,135.7367567,OK,
納所薬師堂27番地,34.908686,135.7219816,OK,
久我東町1番地の39,34.9393311,135.7325751,OK,
久我東町209番地,34.9335117,135.7293281,OK,
羽束師志水町138番地の6,34.9316521,135.7253599,OK,
紫野郷之上町36番地,34.9884301,135.7643904,OK,
御前通今出川上る鳥居前町671番地,35.0317322,135.7381868,OK,
大和大路通七条下る5丁目下池田町527番地,34.983657,135.7707612,OK,
桂市ノ前町31番地,34.9776195,135.7082976,OK,
東九条松ノ木町6番地,34.976331,135.7655598,OK,
太秦桂ケ原町9番地1,35.01293709999999,135.7066902,OK,
間之町通竹屋町下る楠町601番地の1,35.0155175,135.761206,OK,
三条大橋東入二丁目若竹町422番地の5,35.0082024,135.7747039,OK,
京北周山町下寺田1-1,35.1549024,135.6330998,OK,
寺町通御池上る上本能寺前町488番地,35.01200840000001,135.7681991,OK,
紫野東御所田町33番地の1,35.0410052,135.7541854,OK,
紫野東御所田町33番地の1,35.0410052,135.7541854,OK,
紫野東御所田町33番地の1,35.0410052,135.7541854,OK,
紫野東御所田町33番地の1,35.0410052,135.7541854,OK,
紫野東御所田町33番地の1,35.0410052,135.7541854,OK,
今出川通室町西入堀出シ町285番地,35.0291169,135.7565965,OK,
今出川通室町西入堀出シ町285番地,35.0291169,135.7565965,OK,
松ケ崎堂ノ上町7-2,35.0487576,135.7784326,OK,
松ケ崎堂ノ上町7-2,35.0487576,135.7784326,OK,
松ケ崎堂ノ上町7-2,35.0487576,135.7784326,OK,
松ケ崎堂ノ上町7-2,35.0487576,135.7784326,OK,
西堀川通御池下る西三坊堀川町521番地,35.0102064,135.7514397,OK,
西堀川通御池下る西三坊堀川町521番地,35.0102064,135.7514397,OK,
西堀川通御池下る西三坊堀川町521番地,35.0102064,135.7514397,OK,
清水五丁目130-6,34.9971485,135.776315,OK,
清水五丁目130-6,34.9971485,135.776315,OK,
清水五丁目130-6,34.9971485,135.776315,OK,
清水五丁目130-6,34.9971485,135.776315,OK,
清水五丁目130番地の8,34.9967113,135.7764039,OK,
清水五丁目130番地の8,34.9967113,135.7764039,OK,
清水五丁目130番地の8,34.9967113,135.7764039,OK,
清水五丁目130番地の8,34.9967113,135.7764039,OK,
清水五丁目130番地の8,34.9967113,135.7764039,OK,
清水五丁目130番地の8,34.9967113,135.7764039,OK,
椥辻池尻町14番地の2,34.9722545,135.8137202,OK,
椥辻池尻町14番地の2,34.9722545,135.8137202,OK,
椥辻池尻町14番地の2,34.9722545,135.8137202,OK,
椥辻池尻町14番地の2,34.9722545,135.8137202,OK,
椥辻池尻町14番地の2,34.9722545,135.8137202,OK,
椥辻池尻町14番地の2,34.9722545,135.8137202,OK,
椥辻池尻町14番地の2,34.9722545,135.8137202,OK,
西洞院通塩小路上る東塩小路町608番地の8,34.98759570000001,135.7554303,OK,
西九条南田町1番地の3,34.97666,135.7464248,OK,
太秦下刑部町12番地,35.0103529,135.7164257,OK,
太秦下刑部町12番地,35.0103529,135.7164257,OK,
太秦下刑部町12番地,35.0103529,135.7164257,OK,
太秦下刑部町12番地,35.0103529,135.7164257,OK,
上桂森下町25番地の1,34.9849525,135.6932829,OK,
上桂森下町25番地の1,34.9849525,135.6932829,OK,
鷹匠町39番地の2,34.9360208,135.7614343,OK,
鷹匠町39番地の2,34.9360208,135.7614343,OK,
鷹匠町39番地の2,34.9360208,135.7614343,OK,
鷹匠町39番地の2,34.9360208,135.7614343,OK,
大原野東境谷町二丁目1番地の2,34.9641907,135.6749444,OK,
大原野東境谷町二丁目1番地の2,34.9641907,135.6749444,OK,
大原野東境谷町二丁目1番地の2,34.9641907,135.6749444,OK,
大原野東境谷町二丁目1番地の2,34.9641907,135.6749444,OK,
深草向畑町93番地の1,34.9536967,135.7727595,OK,
深草向畑町93番地の1,34.9536967,135.7727595,OK,
醍醐大構町28番地,34.9483444,135.8095864,OK,
醍醐大構町28番地,34.9483444,135.8095864,OK,
醍醐大構町28番地,34.9483444,135.8095864,OK,
小野下ノ町100番地,35.1135888,135.6740713,OK,
小野下ノ町100番地,35.1135888,135.6740713,OK,
中川北山町46番地,35.0893062,135.6878864,OK,
中川北山町46番地,35.0893062,135.6878864,OK,
雲ケ畑中畑町176番地,35.1130679,135.7219716,OK,
雲ケ畑中畑町176番地,35.1130679,135.7219716,OK,
雲ケ畑中畑町176番地,35.1130679,135.7219716,OK,
岩倉中町403番地,35.0754282,135.7881836,OK,
八瀬秋元町578番地,35.0815471,135.8183492,OK,
大原来迎院町10番地の2,35.1210998,135.8292155,OK,
静市市原町36番地の3,35.0891195,135.7629648,OK,
花脊大布施町196番地,35.2093004,135.7758927,OK,
久多宮の町3番地,35.2652011,135.8191451,OK,
久多宮の町3番地,35.2652011,135.8191451,OK,
久世大薮町62,34.9604565,135.7183085,OK,
梅ケ畑奥殿町26番地1,35.0458154,135.6817115,OK,
嵯峨樒原宮ノ上町2－5,35.0749835,135.6109458,OK,
京北周山町上寺田1-1,35.1553091,135.6334164,OK,
京北周山町上寺田1-1,35.1553091,135.6334164,OK,
京北周山町上寺田1-1,35.1553091,135.6334164,OK,
京北周山町上寺田1-1,35.1553091,135.6334164,OK,
京北周山町上寺田1-1,35.1553091,135.6334164,OK,
京北周山町上寺田1-1,35.1553091,135.6334164,OK,
淀池上町131番地の1,34.9042528,135.7199955,OK,
淀池上町131番地の1,34.9042528,135.7199955,OK,
淀池上町131番地の1,34.9042528,135.7199955,OK,
淀池上町131番地の1,34.9042528,135.7199955,OK,
西院西貝川町31番地,35.0027946,135.7151424,OK,
西院西貝川町31番地,35.0027946,135.7151424,OK,
西院西貝川町31番地,35.0027946,135.7151424,OK,
西院西貝川町31番地,35.0027946,135.7151424,OK,
西院西貝川町31番地,35.0027946,135.7151424,OK,
西院西貝川町31番地,35.0027946,135.7151424,OK,
西院西貝川町31番地,35.0027946,135.7151424,OK,
深草五反田町112番地,34.9570539,135.7629479,OK,
深草五反田町112番地,34.9570539,135.7629479,OK,
深草五反田町112番地,34.9570539,135.7629479,OK,
深草五反田町112番地,34.9570539,135.7629479,OK,
深草五反田町112番地,34.9570539,135.7629479,OK,
深草五反田町112番地,34.9570539,135.7629479,OK,
深草五反田町112番地,34.9570539,135.7629479,OK,
深草五反田町112番地,34.9570539,135.7629479,OK,
大宮東脇台町8番地,35.0545076,135.7445598,OK,
大宮東脇台町8番地,35.0545076,135.7445598,OK,
高野竹屋町4番地,35.0424383,135.7801545,OK,
高野竹屋町4番地,35.0424383,135.7801545,OK,
高野竹屋町4番地,35.0424383,135.7801545,OK,
高野竹屋町4番地,35.0424383,135.7801545,OK,
高野竹屋町4番地,35.0424383,135.7801545,OK,
西野様子見町1番地の2,34.98549879999999,135.8110456,OK,
西野様子見町1番地の2,34.98549879999999,135.8110456,OK,
西野様子見町1番地の2,34.98549879999999,135.8110456,OK,
西野様子見町1番地の2,34.98549879999999,135.8110456,OK,
東九条下殿田町70番地の2,34.9769824,135.7568363,OK,
東九条下殿田町70番地の2,34.9769824,135.7568363,OK,
東九条下殿田町70番地の2,34.9769824,135.7568363,OK,
東九条下殿田町70番地の2,34.9769824,135.7568363,OK,
東九条下殿田町70番地の2,34.9769824,135.7568363,OK,
東九条下殿田町70番地の2,34.9769824,135.7568363,OK,
西院西貝川町31番地,35.0027946,135.7151424,OK,
西院西貝川町31番地,35.0027946,135.7151424,OK,
西院西貝川町31番地,35.0027946,135.7151424,OK,
西院西貝川町31番地,35.0027946,135.7151424,OK,
広河原杓子屋町180番地の1,35.2467603,135.7662202,OK,
桂乾町9番地,34.9843836,135.6941486,OK,
桂乾町9番地,34.9843836,135.6941486,OK,
桂乾町9番地,34.9843836,135.6941486,OK,
桂乾町9番地,34.9843836,135.6941486,OK,
桂乾町9番地,34.9843836,135.6941486,OK,
表町578番地,34.9294688,135.7585092,OK,
表町578番地,34.9294688,135.7585092,OK,
表町578番地,34.9294688,135.7585092,OK,
表町578番地,34.9294688,135.7585092,OK,
押小路通河原町西入榎木町450番地の2,35.0124333,135.7683526,OK,
押小路通河原町西入榎木町450番地の2,35.0124333,135.7683526,OK,
押小路通河原町西入榎木町450番地の2,35.0124333,135.7683526,OK,
釜座通下立売下る東裏辻町398番地,35.019592,135.755352,OK,
田中西大久保町36番地,35.0364845,135.7809097,OK,
西野今屋敷町2番地の10,34.9859676,135.8114549,OK,
西野今屋敷町2番地の10,34.9859676,135.8114549,OK,
西野今屋敷町2番地の10,34.9859676,135.8114549,OK,
五条通高倉西入堺町27番地,34.9958205,135.7625058,OK,
五条通高倉西入堺町27番地,34.9958205,135.7625058,OK,
西九条菅田町4番地,34.9738455,135.7471028,OK,
西九条菅田町4番地,34.9738455,135.7471028,OK,
太秦蜂岡町36番地,35.0138854,135.7081572,OK,
太秦蜂岡町36番地,35.0138854,135.7081572,OK,
樫原佃19番地,34.9751578,135.6944245,OK,
樫原佃19番地,34.9751578,135.6944245,OK,
樫原佃19番地,34.9751578,135.6944245,OK,
樫原佃19番地,34.9751578,135.6944245,OK,
樫原佃19番地,34.9751578,135.6944245,OK,
竹田七瀬川町9-1ほか,34.9557818,135.7596162,OK,
竹田七瀬川町9-1ほか,34.9557818,135.7596162,OK,
紫野大徳寺町88番地,35.0413634,135.7473178,OK,
中川北山町48番地の2,35.089006,135.6880066,OK,
大宮通今出川上る観世町110番地,35.0310884,135.7489211,OK,
大宮通今出川上る観世町110番地,35.0310884,135.7489211,OK,
今小路通御前西入紙屋川町870番地,35.0282536,135.7343803,OK,
岡崎円勝寺町23番地の1,35.01165,135.7804554,OK,
鹿ケ谷上宮ノ前町37番地,35.0199683,135.7930497,OK,
鹿ケ谷上宮ノ前町37番地,35.0199683,135.7930497,OK,
岩倉幡枝町862番地,35.06965050000001,135.772241,OK,
修学院大林町13番地の8,35.0481569,135.7917786,OK,
大原上野町564番地3,35.1131477,135.8255898,OK,
鞍馬貴船町5番地の2,35.1057205,135.763876,OK,
西ノ京東中合町45番地,35.0114514,135.7315944,OK,
西ノ京東中合町45番地,35.0114514,135.7315944,OK,
西ノ京東中合町45番地,35.0114514,135.7315944,OK,
泉涌寺五葉ノ辻町13番地の2,34.9819596,135.7727912,OK,
泉涌寺五葉ノ辻町13番地の2,34.9819596,135.7727912,OK,
大塚北溝町23番地の1,34.981704,135.8257741,OK,
大塚北溝町23番地の1,34.981704,135.8257741,OK,
上之町13番地,34.98746390000001,135.765007,OK,
上之町13番地,34.98746390000001,135.765007,OK,
中堂寺北町9番地の6,34.9986849,135.7417966,OK,
吉祥院西ノ庄淵ノ西町42番地,34.98247509999999,135.7285789,OK,
吉祥院西ノ庄淵ノ西町42番地,34.98247509999999,135.7285789,OK,
久世中久世町二丁目129番地の2,34.9595108,135.7147929,OK,
久世中久世町二丁目129番地の2,34.9595108,135.7147929,OK,
嵯峨天龍寺今堀町1番地,35.0174934,135.6829022,OK,
嵯峨天龍寺今堀町1番地,35.0174934,135.6829022,OK,
梅津高畝町46番地,35.0028814,135.7076966,OK,
御室大内35番地の1,35.0282271,135.7163174,OK,
京北下中町勝山田8,35.1978217,135.639078,OK,
桂市ノ前町12番地,34.9799269,135.707909,OK,
桂市ノ前町12番地,34.9799269,135.707909,OK,
松尾木ノ曽町59番地の6,34.9902479,135.6931522,OK,
大枝東新林町二丁目4番地,34.969305,135.6750848,OK,
大枝東新林町二丁目4番地,34.969305,135.6750848,OK,
大枝東新林町二丁目4番地,34.969305,135.6750848,OK,
南浜町273番地の2,34.9300184,135.7610209,OK,
淀池上町197番地,34.9055717,135.721718,OK,
淀池上町197番地,34.9055717,135.721718,OK,
淀池上町197番地,34.9055717,135.721718,OK,
桃山町山ノ下44番地の5,34.9368862,135.7930973,OK,
久我森の宮町14-27,34.93591079999999,135.7281371,OK,
向島四ッ谷池7番地の10,35.1566609,135.5251982,OK,
向島四ッ谷池7番地の10,35.1566609,135.5251982,OK,
花脊八桝町1番地の1,35.2103949,135.7745187,OK,
花脊八桝町1番地の1,35.2103949,135.7745187,OK,
下鴨北園町86番地の6,35.0461829,135.7684284,OK,
西野今屋敷町2番地の10,34.9859676,135.8114549,OK,
上鳥羽塔ノ森下開ノ内94-4,34.9559292,135.7337407,OK,
上鳥羽塔ノ森下開ノ内94-4,34.9559292,135.7337407,OK,
上鳥羽塔ノ森下開ノ内94-4,34.9559292,135.7337407,OK,
上鳥羽塔ノ森下開ノ内94-4,34.9559292,135.7337407,OK,
上鳥羽塔ノ森下開ノ内94-4,34.9559292,135.7337407,OK,
上鳥羽塔ノ森下開ノ内94-4,34.9559292,135.7337407,OK,
西九条菅田町4番地,34.9738455,135.7471028,OK,
横大路千両松町148番地の1,34.9222427,135.7422427,OK,
横大路千両松町,34.9199871,135.7414383,OK,
横大路千両松町,34.9199871,135.7414383,OK,
小山西元町34番地,35.0502183,135.7551133,OK,
西ノ京中御門東町49番地,35.0167804,135.7308195,OK,
西ノ京中御門東町49番地,35.0167804,135.7308195,OK,
西ノ京中御門東町49番地,35.0167804,135.7308195,OK,
西ノ京中御門東町49番地,35.0167804,135.7308195,OK,
花園天授ケ岡町3番地,35.026639,135.7178499,OK,
花園天授ケ岡町3番地,35.026639,135.7178499,OK,
花園天授ケ岡町3番地,35.026639,135.7178499,OK,
太秦蜂岡町36番地,35.0138854,135.7081572,OK,
太秦蜂岡町36番地,35.0138854,135.7081572,OK,
中川北山町46番地,35.0893062,135.6878864,OK,
京都御苑内ほか,35.0230617,135.7634452,OK,
今小路通御前通西入紙屋川町870番地,35.0282536,135.7343803,OK,
下河原高台寺門前下河原町526-1,35.0004115,135.7805297,OK,
上鳥羽勧進橋町,34.9702034,135.7606877,OK,
花園内畑町,35.0187654,135.7150941,OK,
嵯峨五島町1番地の19,35.0117519,135.688598,OK,
梅津提上町,35.1566609,135.5251982,OK,
中島宮の前町9番地,35.3103598,135.3173414,OK,
西賀茂宮ノ谷1番地の2,35.0788402,135.7159818,OK,
修学院丸子青良ケ谷2番地,35.062873,135.8199653,OK,
久多下ノ町410番地,35.0191516,135.7359518,OK,
中立売通油小路東入甲斐守町100,35.0246972,135.7537335,OK,
上賀茂前田町17番地の3,35.07396360000001,135.7436323,OK,
上賀茂前田町17番地の3,35.07396360000001,135.7436323,OK,
上賀茂前田町17番地の3,35.07396360000001,135.7436323,OK,
高野西開町34番地の3,35.0395249,135.7782075,OK,
高野西開町34番地の3,35.0395249,135.7782075,OK,
高野西開町34番地の3,35.0395249,135.7782075,OK,
高野西開町34番地の3,35.0395249,135.7782075,OK,
高野西開町34番地の3,35.0395249,135.7782075,OK,
小野弓田町3番地,34.9649188,135.814854,OK,
小野弓田町3番地,34.9649188,135.814854,OK,
小野弓田町3番地,34.9649188,135.814854,OK,
小野弓田町3番地,34.9649188,135.814854,OK,
小野弓田町3番地,34.9649188,135.814854,OK,
小野弓田町3番地,34.9649188,135.814854,OK,
西九条森本町50番地,34.9727076,135.749484,OK,
西九条森本町50番地,34.9727076,135.749484,OK,
西院西貝川町57番地1,35.0019605,135.7155564,OK,
樫原秤谷町37番地,34.972986,135.6810665,OK,
樫原秤谷町37番地,34.972986,135.6810665,OK,
樫原秤谷町37番地,34.972986,135.6810665,OK,
樫原秤谷町37番地,34.972986,135.6810665,OK,
樫原秤谷町37番地,34.972986,135.6810665,OK,
横大路千両松町447番地,34.9176099,135.7382012,OK,
横大路千両松町447番地,34.9176099,135.7382012,OK,
横大路千両松町447番地,34.9176099,135.7382012,OK,
横大路千両松町447番地,34.9176099,135.7382012,OK,
横大路千両松町447番地,34.9176099,135.7382012,OK,
横大路千両松町447番地,34.9176099,135.7382012,OK,
横大路千両松町447番地,34.9176099,135.7382012,OK,
西九条森本町62番地1,34.9720823,135.7503468,OK,
西九条森本町62番地1,34.9720823,135.7503468,OK,
西九条森本町62番地1,34.9720823,135.7503468,OK,
西九条森本町62番地1,34.9720823,135.7503468,OK,
西九条森本町62番地1,34.9720823,135.7503468,OK,
西九条森本町37番地,34.9731498,135.7497898,OK,
静市市原町,35.0914889,135.7544678,OK,
静市市原町,35.0914889,135.7544678,OK,
静市市原町,35.0914889,135.7544678,OK,
静市市原町,35.0914889,135.7544678,OK,
静市市原町,35.0914889,135.7544678,OK,
静市市原町,35.0914889,135.7544678,OK,
静市市原町,35.0914889,135.7544678,OK,
静市市原町,35.0914889,135.7544678,OK,
静市市原町,35.0914889,135.7544678,OK,
静市市原町,35.0914889,135.7544678,OK,
梅ケ畑高鼻町27番地,35.0372607,135.6964641,OK,
梅ケ畑高鼻町27番地,35.0372607,135.6964641,OK,
梅ケ畑高鼻町27番地,35.0372607,135.6964641,OK,
梅ケ畑高鼻町27番地,35.0372607,135.6964641,OK,
梅ケ畑高鼻町27番地,35.0372607,135.6964641,OK,
梅ケ畑高鼻町27番地,35.0372607,135.6964641,OK,
梅ケ畑高鼻町27番地,35.0372607,135.6964641,OK,
梅ケ畑高鼻町27番地,35.0372607,135.6964641,OK,
梅ケ畑高鼻町27番地,35.0372607,135.6964641,OK,
梅ケ畑高鼻町27番地,35.0372607,135.6964641,OK,
梅ケ畑高鼻町27番地,35.0372607,135.6964641,OK,
梅ケ畑高鼻町27番地,35.0372607,135.6964641,OK,
横大路千両松町447番地,34.9176099,135.7382012,OK,
横大路千両松町447番地,34.9176099,135.7382012,OK,
横大路千両松町447番地,34.9176099,135.7382012,OK,
横大路八反田29番地,34.9163996,135.735377,OK,
横大路八反田29番地,34.9163996,135.735377,OK,
横大路八反田29番地,34.9163996,135.735377,OK,
横大路八反田29番地,34.9163996,135.735377,OK,
横大路八反田29番地,34.9163996,135.735377,OK,
横大路八反田29番地,34.9163996,135.735377,OK,
横大路八反田29番地,34.9163996,135.735377,OK,
醍醐上山田１,34.963883,135.8265736,OK,
醍醐上山田１,34.963883,135.8265736,OK,
醍醐上山田1,34.963883,135.8265736,OK,
醍醐上山田1,34.963883,135.8265736,OK,
醍醐上山田1,34.963883,135.8265736,OK,
醍醐上山田1,34.963883,135.8265736,OK,
東野東山,34.9664318,135.8528961,OK,
醍醐陀羅谷,34.95930550000001,135.8445871,OK,
醍醐上山田1,34.963883,135.8265736,OK,
醍醐上山田1,34.963883,135.8265736,OK,
東野東山,34.9664318,135.8528961,OK,
淀水垂町73,34.9125157,135.71539,OK,
淀水垂町73,34.9125157,135.71539,OK,
淀水垂町73,34.9125157,135.71539,OK,
淀水垂町73,34.9125157,135.71539,OK,
横大路千両松町,34.9199871,135.7414383,OK,
横大路千両松町,34.9199871,135.7414383,OK,
横大路千両松町,34.9199871,135.7414383,OK,
下清蔵口町132番地,35.0371061,135.7524131,OK,
下清蔵口町132番地,35.0371061,135.7524131,OK,
横大路千両松町447番地,34.9176099,135.7382012,OK,
横大路千両松町447番地,34.9176099,135.7382012,OK,
横大路千両松町447番地,34.9176099,135.7382012,OK,
横大路千両松町447番地,34.9176099,135.7382012,OK,
横大路千両松町447番地,34.9176099,135.7382012,OK,
大枝沓掛町,34.9757881,135.6644759,OK,
大枝沓掛町,34.9757881,135.6644759,OK,
大枝沓掛町,34.9757881,135.6644759,OK,
大枝沓掛町,34.9757881,135.6644759,OK,
大枝沓掛町,34.9757881,135.6644759,OK,
大枝沓掛町,34.9757881,135.6644759,OK,
大枝沓掛町,34.9757881,135.6644759,OK,
大枝沓掛町,34.9757881,135.6644759,OK,
大枝沓掛町,34.9757881,135.6644759,OK,
石田西ノ坪2番地の18,34.9394241,135.7998037,OK,
石田西ノ坪2番地の18,34.9394241,135.7998037,OK,
石田西ノ坪2番地の18,34.9394241,135.7998037,OK,
石田西ノ坪2番地の18,34.9394241,135.7998037,OK,
石田西ノ坪2番地の18,34.9394241,135.7998037,OK,
石田西ノ坪2番地の18,34.9394241,135.7998037,OK,
石田西ノ坪2番地の18,34.9394241,135.7998037,OK,
石田西ノ坪2番地の18,34.9394241,135.7998037,OK,
石田西ノ坪2番地の18,34.9394241,135.7998037,OK,
石田西ノ坪2番地の18,34.9394241,135.7998037,OK,
石田西ノ坪2番地の18,34.9394241,135.7998037,OK,
梅ケ旗向ノ地町27番地1ほか,35.1929433,135.462903,OK,
嵯峨釈迦堂大門町35,35.0212447,135.6758882,OK,
嵯峨釈迦堂大門町35,35.0212447,135.6758882,OK,
西院西貝川町31番地,35.0027946,135.7151424,OK,
大宮東脇台町8番地,35.0545076,135.7445598,OK,
大宮東脇台町8番地,35.0545076,135.7445598,OK,
出雲路立テ本町86-1,35.0388863,135.7644849,OK,
押小路通堀川西入二条城町541番地,35.0151103,135.7477878,OK,
東堀川通木津屋橋下る御方紺屋町1番1,34.9875133,135.7523403,OK,
嵯峨釣殿町22番地の2,35.0261157,135.6879049,OK,
嵯峨釣殿町22番地の2,35.0261157,135.6879049,OK,
西院西貝川町31番地,35.0027946,135.7151424,OK,
大原野東境谷町三丁目,34.9620059,135.6748659,OK,
毛利町44番地の3,34.9423672,135.7526908,OK,
淀水垂町733番地1,34.9094653,135.7127626,OK,
深草泓ノ壷町14-4,34.9480746,135.7591696,OK,
紫野北舟岡町42番地,35.0403795,135.74133,OK,
壬生下溝町44番地の3,34.9990608,135.7365446,OK,
今熊野日吉町10番地の3,34.9865137,135.7766879,OK,
今熊野日吉町10番地の3,34.9865137,135.7766879,OK,
今熊野日吉町10番地の3,34.9865137,135.7766879,OK,
竹田藁屋町4番地の1,34.9468142,135.7526908,OK,
竹田藁屋町4番地の1,34.9468142,135.7526908,OK,
清水四丁目161番地の5,34.9960092,135.7790836,OK,
清水四丁目161番地の5,34.9960092,135.7790836,OK,
清水四丁目161番地の5,34.9960092,135.7790836,OK,
清水四丁目161番地の5,34.9960092,135.7790836,OK,
清水四丁目161番地の5,34.9960092,135.7790836,OK,
嵯峨天龍寺造路町31番地の1,35.0138676,135.6797725,OK,
嵯峨天龍寺造路町31番地の1,35.0138676,135.6797725,OK,
浄土寺石橋町62番地,35.026672,135.795048,OK,
浄土寺石橋町62番地,35.026672,135.795048,OK,
梅ケ畑栂尾町1番地の1,35.0606335,135.6795599,OK,
祇園町北側,35.0041809,135.7778706,OK,
西ノ京円町42番地の1,35.0181383,135.7307434,OK,
西ノ京星池町4-20ほか,35.0125158,135.7408461,OK,
西九条島町66番地の1,34.9789562,135.7525168,OK,
西九条西柳の内町91番地の2,34.9078522,135.7811679,OK,
吉祥院西ノ庄門口町29,34.9819281,135.7316685,OK,
太秦上ノ段町19番地,35.0169669,135.7014837,OK,
壬生淵田町2-1ほか,35.0041291,135.7330653,OK,
西京極西大丸町80番地,34.9938549,135.7184742,OK,
花園寺ノ内町5番地ほか,35.0185947,135.7176842,OK,
川島有栖川町52,34.9785791,135.7021887,OK,
嵐山宮ノ前町47番地の3,35.0001783,135.6878772,OK,
石田森東町46,34.9406787,135.8037984,OK,
竹田向代町110番地の1,34.9645447,135.752626,OK,
上野御所ノ内町16番地10ほか,34.9922408,135.8159818,OK,
西ノ京下合町38番地4,35.01016,135.7323035,OK,
安朱棧敷町200番地の2,34.9908477,135.8183342,OK,
御陵原西町12番地の12,34.9957661,135.8031096,OK,
小野鐘付田町120番地の2,34.9614671,135.8123781,OK,
御陵鴨戸町51番地の7,34.9957108,135.8021178,OK,
久世上久世町110番地の3,34.964868,135.7107761,OK,
久世高田町126番地,34.9633693,135.7088182,OK,
嵯峨天龍寺広道町20番地の7,35.0189059,135.6823533,OK,
太秦下刑部町9番地の2,35.01107590000001,135.7151218,OK,
太秦下刑部町9番地の2,35.01107590000001,135.7151218,OK,
桂野里町41-45,34.9798092,135.7052927,OK,
川島北裏町116-1,34.9773315,135.7033647,OK,
壬生天池町5－2ほか,35.0081754,135.7418206,OK,
石田森東町46,34.9406787,135.8037984,OK,
川端通四条上る川端町181番地,35.0042412,135.7724952,OK,
東洞院通六角下る御射山町ほか,35.0065932,135.7612801,OK,
河原町通今出川上る青龍町,35.03065850000001,135.7701671,OK,
御池通高倉西入高宮町,35.0109599,135.7620206,OK,
岩倉大鷺町,35.0636842,135.7846862,OK,
松ケ崎井手ケ海道町,35.0466227,135.7764397,OK,
椥辻池尻町14番地の4,34.9719509,135.8143778,OK,
東野片下リ町27-4,34.9818961,135.8141827,OK,
醍醐高畑町1番地の36,34.9517321,135.8107583,OK,
小稲荷町87番地,34.9889339,135.7626486,OK,
川端町4番地13,34.9886514,135.7659867,OK,
上ノ町1番地10,34.9947442,135.6896168,OK,
郷ノ町北部5番地,34.9884301,135.7643904,OK,
屋形町20番地1,34.9827727,135.7674879,OK,
小稲荷町39番地,34.9879593,135.7630574,OK,
衣笠金閣寺町,35.0392985,135.7290044,OK,
花園妙心寺町35番地,35.0219406,135.7192822,OK,
北大路橋西詰北側,35.043729,135.7620073,OK,
大徳寺通北大路上る西側,35.040648,135.7475454,OK,
大谷大学グランド北,35.0424623,135.7589846,OK,
一乗寺花ノ木町,35.0431821,135.7926884,OK,
大原野南春日町　大原野神社駐車場内,34.9602674,135.6562615,OK,
出町橋西詰北側,35.0304905,135.7705383,OK,
荒神橋西詰南側,35.0213358,135.770602,OK,
北野天満宮前西側,35.0280886,135.7359728,OK,
寺町丸太町西北角,35.0174544,135.7525427,OK,
本隆寺北,35.0316598,135.7462254,OK,
二条児童公園内,35.011103,135.741777,OK,
堀川通中立売下る東側,35.0249826,135.751824,OK,
今出川千本東入北側,35.0296612,135.7424679,OK,
東一条川端南東角,35.0252317,135.7778979,OK,
岡崎最勝寺町,35.0144129,135.7820191,OK,
吉田本町,35.0270496,135.7823155,OK,
川端丸太町西南角,35.1566609,135.5251982,OK,
大原寂光院駐車場内,35.1241,135.821045,OK,
岡崎最勝寺町,35.0144129,135.7820191,OK,
銀閣寺橋西詰北側,35.0273412,135.7946424,OK,
JR嵯峨嵐山駅南側,35.018781,135.6811811,OK,
出町柳駅前公園内,35.030702,135.7731015,OK,
大原野村町,35.1152638,135.81611,OK,
烏丸御池南西角,35.0036744,135.7605895,OK,
六角新京極東入,35.0071945,135.7672672,OK,
錦小路東洞院東入南側,35.004994,135.7611054,OK,
姉小路寺町東入,35.0095999,135.767189,OK,
新京極公園内,35.0049711,135.7676908,OK,
蛸薬師新京極東入,35.0061821,135.7672056,OK,
押小路神泉苑通,35.0119895,135.747362,OK,
千本釈迦堂南側,35.031679,135.7398633,OK,
円山公園内,35.0035587,135.7805269,OK,
円山公園内,35.0035587,135.7805269,OK,
京都国立博物館南西,34.9899887,135.773116,OK,
建仁寺西門前,35.1566609,135.5251982,OK,
円山公園内,35.0035587,135.7805269,OK,
清水寺境内南西部,34.9952056,135.784079,OK,
川端四条上ル東側,35.0056213,135.7673527,OK,
三十三間堂東側,34.9878845,135.7717126,OK,
五条通清水坂西,34.9970715,135.7799448,OK,
円山公園内,35.0035587,135.7805269,OK,
白川東大路西入,35.0275466,135.7913115,OK,
蛸薬師木屋町,35.0062217,135.7673071,OK,
東本願寺南東角,35.1566609,135.5251982,OK,
四条大宮駅南広場内,35.0033444,135.7486099,OK,
七条堀川西入北側,34.9892245,135.7530055,OK,
七本松七条北東角,34.9891437,135.7394786,OK,
花屋町新町東入南側,34.9933209,135.7566985,OK,
京北井戸町　常照皇寺駐車場内,35.2009126,135.685301,OK,
清凉寺西門南側,35.1566609,135.5251982,OK,
金鈴橋東詰南,,,ZERO_RESULTS,
小倉山二尊院総門南100m,35.0216591,135.6696366,OK,
高雄橋南詰西150m,35.0552859,135.6729652,OK,
龍安寺御陵ノ下町,35.0337178,135.7186453,OK,
嵐山公園中ノ島内,35.0151776,135.6713285,OK,
渡月橋北詰西350m,35.0138106,135.6778569,OK,
渡月小橋南詰西100m,35.011469,135.677417,OK,
京北上黒田町　上黒田バス停前,35.2091235,135.7497294,OK,
桃山御陵参道野坂通下ル,34.9369315,135.7811583,OK,
東柳町　南浜児童館子楽園内,34.929813,135.7597705,OK,
醍醐三宝院駐車場内,34.9523039,135.8193005,OK,
嵐山公園中ノ島内,35.0151776,135.6713285,OK,
祗園石段下北,,,ZERO_RESULTS,
霊山観音駐車場西,34.999902,135.7819068,OK,
御室仁和寺駐車場入口西側,35.0287789,135.7159824,OK,
渡月橋北詰西500m　亀山公園入口,35.0138106,135.6778569,OK,
京阪三条駅前広場南東部,35.0081202,135.7735346,OK,
五条児童公園内,34.9964217,135.7677004,OK,
京都バス大原バスターミナル内,35.1196794,135.8287944,OK,
京北中地町　中地ロードパーク内,35.1399251,135.5884108,OK,
銀閣寺11番,35.0281197,135.7987674,OK,
銀閣寺11番,35.0281197,135.7987674,OK,
修学院辻ノ田町13番地の1,35.0509469,135.8022669,OK,
修学院辻ノ田町13番地の1,35.0509469,135.8022669,OK,
修学院辻ノ田町13番地の1,35.0509469,135.8022669,OK,
教業町,35.0085823,135.7756483,OK,
大和大路通四条上る二筋目東入末吉町77番6,35.0052453,135.7731985,OK,
大原大長瀬町179番地の2,35.1167534,135.8283627,OK,
大宮通花屋町上る堀之上町540番地,34.9930733,135.7493777,OK,
大宮通花屋町上る堀之上町540番地,34.9930733,135.7493777,OK,
大宮通花屋町上る堀之上町540番地,34.9930733,135.7493777,OK,
久世大築町54番地の1,34.9605316,135.7215678,OK,
上鳥羽山ノ本町,34.9625428,135.7384775,OK,
京北上弓削町段上ノ下,35.2177018,135.6433875,OK,
京北上弓削町段上ノ下,35.2177018,135.6433875,OK,
京北上弓削町段上ノ下,35.2177018,135.6433875,OK,
京北上弓削町段上ノ下,35.2177018,135.6433875,OK,
京北上弓削町段上ノ下,35.2177018,135.6433875,OK,
京北中地町蛸谷口92,35.1389541,135.5919477,OK,
御室堅町19番,35.0270263,135.7164625,OK,
御室堅町19番,35.0270263,135.7164625,OK,
北嵯峨落久保町8-2,35.1566609,135.5251982,OK,
西院春日町3番4,35.0051443,135.7298953,OK,
太秦桂ケ原町9番地1,35.01293709999999,135.7066902,OK,
太秦桂ケ原町9番地1,35.01293709999999,135.7066902,OK,
太秦桂ケ原町9番地1,35.01293709999999,135.7066902,OK,
太秦桂ケ原町9番地1,35.01293709999999,135.7066902,OK,
太秦桂ケ原町9番地1,35.01293709999999,135.7066902,OK,
太秦桂ケ原町9番地1,35.01293709999999,135.7066902,OK,
太秦桂ケ原町9番地1,35.01293709999999,135.7066902,OK,
京北周山町城山54番5,35.1569917,135.6266962,OK,
大原野東境谷町二丁目5番地の11,34.9613211,135.676656,OK,
大原野東境谷町二丁目5番地の11,34.9613211,135.676656,OK,
大原野東境谷町二丁目5番地の11,34.9613211,135.676656,OK,
大原野東境谷町二丁目5番地の11,34.9613211,135.676656,OK,
大原野東境谷町二丁目5番地の11,34.9613211,135.676656,OK,
大原野東境谷町二丁目5番地の11,34.9613211,135.676656,OK,
大原野東境谷町二丁目5番地の11,34.9613211,135.676656,OK,
納所北城堀10番地の1,34.9107955,135.7203087,OK,
久我御旅町3番地の3,34.9421222,135.7327809,OK,
御駕籠町91番地,34.9377967,135.760894,OK,
御駕籠町91番地,34.9377967,135.760894,OK,
御駕籠町91番地,34.9377967,135.760894,OK,
下鳥羽西芹川町,34.9424236,135.7479526,OK,
上鳥羽仏現寺町11番地,34.9710954,135.7503273,OK,
上鳥羽仏現寺町11番地,34.9710954,135.7503273,OK,
上鳥羽仏現寺町11番地,34.9710954,135.7503273,OK,
京北周山町下台2-1,35.1581917,135.6323086,OK,
京北周山町下台2-1,35.1581917,135.6323086,OK,
壬生下溝町44番地の3,34.9990608,135.7365446,OK,
壬生下溝町44番地の3,34.9990608,135.7365446,OK,
大宮東脇台町8番地,35.0545076,135.7445598,OK,
小山南上総町1-1,35.0403118,135.7582758,OK,
壬生東高田町1-2,34.9972363,135.735003,OK,
下鴨宮河町58-2,35.0317825,135.7719078,OK,
御陵大枝山町四丁目30番地,34.9855004,135.6657815,OK,
御陵大枝山町四丁目30番地,34.9855004,135.6657815,OK,
御陵大枝山町四丁目30番地,34.9855004,135.6657815,OK,
吉祥院石原東之口町2番地,34.9640703,135.7317791,OK,
西野山階町35番地,34.9828144,135.8091694,OK,
西野山階町35番地,34.9828144,135.8091694,OK,
西野山階町35番地,34.9828144,135.8091694,OK,
山田上ノ町9番1,34.9874975,135.6893575,OK,
山田上ノ町9番1,34.9874975,135.6893575,OK,
山田上ノ町9番1,34.9874975,135.6893575,OK,
山田上ノ町9番1,34.9874975,135.6893575,OK,
山田上ノ町9番2,34.9874975,135.6893575,OK,
山田上ノ町9番3,34.9874975,135.6893575,OK,
西九条森本町83番地1,34.9718159,135.750722,OK,
下鴨宮河町58-2,35.0317825,135.7719078,OK,
下鴨宮河町58-2,35.0317825,135.7719078,OK,
下鴨宮河町58-2,35.0317825,135.7719078,OK,
下鴨宮河町58-2,35.0317825,135.7719078,OK,
西九条北ノ内町,34.9844499,135.7541716,OK,
寺町通御池上る上本能寺前町488番地,35.01200840000001,135.7681991,OK,
太秦京ノ道町13番地の2,35.0207066,135.7030184,OK,
朱雀分木町80番地,34.9895853,135.7415486,OK,
朱雀分木町80番地,34.9895853,135.7415486,OK,
朱雀分木町80番地,34.9895853,135.7415486,OK,
岡崎法勝寺町岡崎公園内,35.01341439999999,135.7850382,OK,
岡崎法勝寺町岡崎公園内,35.01341439999999,135.7850382,OK,
寺町通二条下る榎木町450番地1,35.0125994,135.7676277,OK,
寺町通御池上る上本能寺前町488番地,35.01200840000001,135.7681991,OK,
京北矢代中町馬場谷道ノ上32番1他,35.1814215,135.6010061,OK,
粟田口鳥居町2番地の1,35.0106866,135.7875028,OK,
西木屋町通上ノ口上る梅湊町83番地の1,34.9931917,135.7651265,OK,
粟田口鳥居町2番地の1,35.0106866,135.7875028,OK,
松ケ崎東池ノ内町ほか,35.054192,135.7766854,OK,
松ケ崎東池ノ内町ほか,35.054192,135.7766854,OK,
吉祥院石原東之口町2番地,34.9640703,135.7317791,OK,
吉祥院石原東之口町2番地,34.9640703,135.7317791,OK,
吉祥院石原東之口町2番地,34.9640703,135.7317791,OK,
吉祥院石原東之口町2番地,34.9640703,135.7317791,OK,
深草石峰寺山町,34.9648901,135.7752039,OK,
深草五反田町112番地,34.9570539,135.7629479,OK,
深草五反田町112番地,34.9570539,135.7629479,OK,
深草神明講谷町２番地の１,34.9560871,135.7894133,OK,
深草神明講谷町２番地の１,34.9560871,135.7894133,OK,
深草神明講谷町２番地の１,34.9560871,135.7894133,OK,
太秦安井柳通町14番地の1,35.014475,135.7202283,OK,
醍醐陀羅谷１番地の１３８他,34.9559329,135.8518944,OK,
醍醐陀羅谷１番地の１３８他,34.9559329,135.8518944,OK,
醍醐陀羅谷１番地の１３８他,34.9559329,135.8518944,OK,
醍醐陀羅谷１番地の１３８他,34.9559329,135.8518944,OK,
横大路八反田29番地,34.9163996,135.735377,OK,
横大路八反田29番地,34.9163996,135.735377,OK,
横大路八反田29番地,34.9163996,135.735377,OK,
横大路八反田29番地,34.9163996,135.735377,OK,
横大路八反田29番地,34.9163996,135.735377,OK,
横大路八反田29番地,34.9163996,135.735377,OK,
横大路八反田29番地,34.9163996,135.735377,OK,
横大路八反田29番地,34.9163996,135.735377,OK,
横大路八反田29番地,34.9163996,135.735377,OK,
吉祥院新田下ノ向町,34.971053,135.7230846,OK,
聖護院円頓美町46番地の2,35.0169923,135.780837,OK,
深草五反田町112番地,34.9570539,135.7629479,OK,
上花山旭山町19番地の3,34.9852928,135.787937,OK,
上花山旭山町19番地の3,34.9852928,135.787937,OK,
川島五反長町１８番地の２,34.9686355,135.7037302,OK,
川島五反長町１８番地の２,34.9686355,135.7037302,OK,
川島五反長町１８番地の２,34.9686355,135.7037302,OK,
西院西貝川町31番地,35.0027946,135.7151424,OK,
東九条院町9番地の2　等,34.9835959,135.7559486,OK,
東九条西山王町32番地,34.9829855,135.7606877,OK,
東九条室町49番地,34.9834399,135.7574295,OK,
吉祥院石原東之口町2番地,34.9640703,135.7317791,OK,
大宮西脇台町１７番地の２,35.0538994,135.743711,OK,
大宮西脇台町１７番地の２,35.0538994,135.743711,OK,
大宮西脇台町１７番地の２,35.0538994,135.743711,OK,
紫野西舟岡町２,35.0392135,135.7393678,OK,
紫野西舟岡町２,35.0392135,135.7393678,OK,
紫野西舟岡町２,35.0392135,135.7393678,OK,
紫野西舟岡町２,35.0392135,135.7393678,OK,
紫野西舟岡町２,35.0392135,135.7393678,OK,
紫野西舟岡町２,35.0392135,135.7393678,OK,
紫野西舟岡町２,35.0392135,135.7393678,OK,
紫野西舟岡町２,35.0392135,135.7393678,OK,
紫野西舟岡町２,35.0392135,135.7393678,OK,
紫野西舟岡町２,35.0392135,135.7393678,OK,
紫野西舟岡町２,35.0392135,135.7393678,OK,
久我御旅町7番19,34.94238199999999,135.7285162,OK,
久我御旅町7番19,34.94238199999999,135.7285162,OK,
東九条上殿田町他,34.9832839,135.7589105,OK,
東九条西山王町,34.9829855,135.7606877,OK,
下本能寺前町,35.0101305,135.7677971,OK,
鷹峯旧土居町4-3,35.0421569,135.7367016,OK,
紫野上鳥田町30番地,35.044851,135.7520776,OK,
岡崎法勝寺町岡崎公園内,35.01341439999999,135.7850382,OK,
二条通堀川西入二条城町541番地,35.0151103,135.7477878,OK,
聖護院円頓美町46番地の2,35.0169923,135.780837,OK,
聖護院円頓美町46番地の2,35.0169923,135.780837,OK,
京北中地町蛸谷口,35.1387117,135.5930361,OK,
京北比賀江町院谷ほか,35.1817553,135.6630406,OK,
西院日照町,35.0015904,135.7242685,OK,
勧修寺東金ケ崎,34.9668398,135.8092899,OK,
桃山町大蔵地内,34.9409401,135.7787595,OK,
桃山町大蔵地内,34.9409401,135.7787595,OK,
桃山町大蔵地内,34.9409401,135.7787595,OK,
桃山町大蔵地内,34.9409401,135.7787595,OK,
桃山町大蔵地内,34.9409401,135.7787595,OK,
桃山町大蔵地内,34.9409401,135.7787595,OK,
吉祥院新田下ノ向町,34.971053,135.7230846,OK,
"大枝沓掛町14-26,14-27,14-197",34.9749543,135.6614916,OK,
勧修寺閑林寺83番地8,34.9561016,135.8114915,OK,
吉祥院石原東之口町2番地,34.9640703,135.7317791,OK,
吉祥院石原東之口町2番地,34.9640703,135.7317791,OK,
吉祥院石原東之口町2番地,34.9640703,135.7317791,OK,
朱雀分木町80番地,34.9895853,135.7415486,OK,
朱雀分木町80番地,34.9895853,135.7415486,OK,
志摩市大王町船越231番地,34.2656503,136.8602231,OK,
志摩市大王町船越231番地,34.2656503,136.8602231,OK,
志摩市大王町船越231番地,34.2656503,136.8602231,OK,
志摩市大王町船越231番地,34.2656503,136.8602231,OK,
粟田口鳥居町2番地の1,35.0106866,135.7875028,OK,
上花山旭山町19番地の3,34.9852928,135.787937,OK,
上花山旭山町19番地の3,34.9852928,135.787937,OK,
上花山旭山町19番地の3,34.9852928,135.787937,OK,
上花山旭山町19番地の3,34.9852928,135.787937,OK,
紫野西舟岡町2,35.0392135,135.7393678,OK,
修学院沖殿町1番地,35.0524587,135.7936081,OK,
紫野下築山町20番地,35.0391084,135.7456546,OK,
二条通堀川西入二条城町541番地,35.0151103,135.7477878,OK,
二条通堀川西入二条城町541番地,35.0151103,135.7477878,OK,
二条通堀川西入二条城町541番地,35.0151103,135.7477878,OK,
二条通堀川西入二条城町541番地,35.0151103,135.7477878,OK,
二条通堀川西入二条城町541番地,35.0151103,135.7477878,OK,
二条通堀川西入二条城町541番地,35.0151103,135.7477878,OK,
二条通堀川西入二条城町541番地,35.0151103,135.7477878,OK,
二条通堀川西入二条城町541番地,35.0151103,135.7477878,OK,
二条通堀川西入二条城町541番地,35.0151103,135.7477878,OK,
二条通堀川西入二条城町541番地,35.0151103,135.7477878,OK,
二条通堀川西入二条城町541番地,35.0151103,135.7477878,OK,
二条通堀川西入二条城町541番地,35.0151103,135.7477878,OK,
二条通堀川西入二条城町541番地,35.0151103,135.7477878,OK,
二条通堀川西入二条城町541番地,35.0151103,135.7477878,OK,
二条通堀川西入二条城町541番地,35.0151103,135.7477878,OK,
二条通堀川西入二条城町541番地,35.0151103,135.7477878,OK,
二条通堀川西入二条城町541番地,35.0151103,135.7477878,OK,
二条通堀川西入二条城町541番地,35.0151103,135.7477878,OK,
二条通堀川西入二条城町541番地,35.0151103,135.7477878,OK,
二条通堀川西入二条城町541番地,35.0151103,135.7477878,OK,
二条通堀川西入二条城町541番地,35.0151103,135.7477878,OK,
二条通堀川西入二条城町541番地,35.0151103,135.7477878,OK,
二条通堀川西入二条城町541番地,35.0151103,135.7477878,OK,
二条通堀川西入二条城町541番地,35.0151103,135.7477878,OK,
朱雀分木町80番地,34.9895853,135.7415486,OK,
御陵池堤町28-3,34.9989507,135.7988762,OK,
二条通堀川西入二条城町541番地,35.0151103,135.7477878,OK,
二条通堀川西入二条城町541番地,35.0151103,135.7477878,OK,
二条通堀川西入二条城町541番地,35.0151103,135.7477878,OK,
二条通堀川西入二条城町541番地,35.0151103,135.7477878,OK,
二条通堀川西入二条城町541番地,35.0151103,135.7477878,OK,
二条通堀川西入二条城町541番地,35.0151103,135.7477878,OK,
京北塔町隠谷１番地,35.1877758,135.6550602,OK,
壬生東土居ノ内町 ２０番地の１,35.0030381,135.7354245,OK,
壬生東高田町１番地の２０,34.9983307,135.734358,OK,
壬生東高田町１番地の２０,34.9983307,135.734358,OK,
壬生東高田町１番地の２０,34.9983307,135.734358,OK,
壬生東高田町１番地の２０,34.9983307,135.734358,OK,
壬生東高田町１番地の２０,34.9983307,135.734358,OK,
上桂森下町25番地の1,34.9849525,135.6932829,OK,
下之町57-1,34.9862785,135.7642422,OK,
下之町7-55、7-66、7-90,34.9864814,135.7648048,OK,
大枝塚原町4番地の63,34.9726565,135.672884,OK,
東九条東岩本町31,34.9822553,135.765242,OK,
御幸町通仏光寺下る橘町437,35.0008319,135.765757,OK,
岡崎法勝寺町岡崎公園内,35.01341439999999,135.7850382,OK,
岡崎法勝寺町岡崎公園内,35.01341439999999,135.7850382,OK,
竹田藁屋町4番地の1,34.9468142,135.7526908,OK,
松ケ崎東池ノ内町ほか,35.054192,135.7766854,OK,
松ケ崎東池ノ内町ほか,35.054192,135.7766854,OK,
京北比賀江町院谷ほか,35.1817553,135.6630406,OK,
西京極新明町29番地,34.9937522,135.712438,OK,
西京極新明町29番地,34.9937522,135.712438,OK,
西京極新明町29番地,34.9937522,135.712438,OK,
西京極新明町29番地,34.9937522,135.712438,OK,
